id_cliente,fecha_actualizacion,tipo_empleo,empresa,sector_economico,cargo,antiguedad_meses,ingreso_mensual,tipo_contrato,ciudad,estado_empleo
C00001,2026-02-05,INDEPENDIENTE,Actividad independiente,Comercio,Comerciante,192,5937.87,INDEPENDIENTE,Oruro,ACTIVO
C00002,2026-03-01,DEPENDIENTE,Empresa 323,Servicios,Supervisor,111,2992.63,TEMPORAL,Tarija,ACTIVO
C00003,2026-05-31,DEPENDIENTE,Empresa 559,Salud,Asistente,182,10946.59,TEMPORAL,Potosi,ACTIVO
C00004,2026-02-09,INDEPENDIENTE,Actividad independiente,Educacion,Consultor,181,7782.68,INDEPENDIENTE,Potosi,ACTIVO
C00005,2026-07-26,DEPENDIENTE,Empresa 370,Banca,Consultor,94,15636.16,INDEFINIDO,Oruro,ACTIVO
C00006,2026-08-15,DEPENDIENTE,Empresa 733,Tecnologia,Comerciante,23,11056.63,PLAZO_FIJO,Tarija,ACTIVO
C00007,2026-03-01,DEPENDIENTE,Empresa 975,Comercio,Supervisor,61,14482.56,TEMPORAL,Sucre,ACTIVO
C00008,2026-06-21,INDEPENDIENTE,Actividad independiente,Salud,Comerciante,44,7127.26,INDEPENDIENTE,Oruro,ACTIVO
C00009,2026-04-29,INDEPENDIENTE,Actividad independiente,Industria,Comerciante,139,11614.08,INDEPENDIENTE,Cochabamba,INACTIVO
C00010,2026-02-28,INDEPENDIENTE,Actividad independiente,Banca,Comerciante,178,6553.53,INDEPENDIENTE,Potosi,ACTIVO
C00011,2026-02-24,DEPENDIENTE,Empresa 422,Transporte,Director,236,17115.1,INDEFINIDO,Sucre,ACTIVO
C00012,2026-05-24,INDEPENDIENTE,Actividad independiente,Servicios,Profesional independiente,70,4245.38,INDEPENDIENTE,Cochabamba,ACTIVO
C00013,2026-05-07,DEPENDIENTE,Empresa 621,Comercio,Gerente,105,8110.94,TEMPORAL,Potosi,ACTIVO
C00014,2026-01-17,DEPENDIENTE,Empresa 710,Industria,Administrador,43,14777.23,TEMPORAL,Sucre,ACTIVO
C00015,2026-07-04,DEPENDIENTE,Empresa 796,Comercio,Analista,144,15842.09,PLAZO_FIJO,Oruro,ACTIVO
C00016,2026-04-27,INDEPENDIENTE,Actividad independiente,Banca,Comerciante,31,6168.75,INDEPENDIENTE,Oruro,ACTIVO
C00017,2026-06-10,DEPENDIENTE,Empresa 991,Salud,Supervisor,198,5269.1,TEMPORAL,Potosi,ACTIVO
C00018,2026-08-25,DEPENDIENTE,Empresa 897,Servicios,Tecnico,98,14318.92,INDEFINIDO,La Paz,ACTIVO
C00019,2026-03-03,DEPENDIENTE,Empresa 414,Banca,Especialista,240,8126.2,INDEFINIDO,Santa Cruz,ACTIVO
C00020,2026-01-18,JUBILADO,Sistema de Pensiones,Servicios,Jubilado,190,5504.74,JUBILACION,Potosi,ACTIVO
C00021,2026-04-19,INDEPENDIENTE,Actividad independiente,Educacion,Profesional independiente,70,9095.92,INDEPENDIENTE,Tarija,ACTIVO
C00022,2026-04-06,INDEPENDIENTE,Actividad independiente,Transporte,Profesional independiente,105,14939.37,INDEPENDIENTE,Tarija,ACTIVO
C00023,2026-05-31,DEPENDIENTE,Empresa 335,Educacion,Tecnico,89,2826.03,INDEFINIDO,La Paz,ACTIVO
C00024,2026-01-19,INDEPENDIENTE,Actividad independiente,Servicios,Consultor,20,13817.75,INDEPENDIENTE,Santa Cruz,ACTIVO
C00025,2026-05-02,DEPENDIENTE,Empresa 690,Educacion,Consultor,36,13711.96,TEMPORAL,Potosi,ACTIVO
C00026,2026-04-16,DEPENDIENTE,Empresa 533,Transporte,Ingeniero,27,12714.23,INDEFINIDO,Potosi,ACTIVO
C00027,2026-07-24,INDEPENDIENTE,Actividad independiente,Comercio,Consultor,18,7532.77,INDEPENDIENTE,Santa Cruz,ACTIVO
C00028,2026-08-12,DEPENDIENTE,Empresa 355,Comercio,Vendedor,111,5344.06,INDEFINIDO,Sucre,ACTIVO
C00029,2026-01-04,EMPRESARIO,Empresa PYME 956,Comercio,Gerente,15,21303.62,PROPIETARIO,Potosi,ACTIVO
C00030,2026-02-12,DEPENDIENTE,Empresa 160,Industria,Administrador,126,5813.08,PLAZO_FIJO,La Paz,INACTIVO
C00031,2026-05-23,DEPENDIENTE,Empresa 902,Transporte,Director,76,9056.62,PLAZO_FIJO,Santa Cruz,ACTIVO
C00032,2026-03-22,DEPENDIENTE,Empresa 865,Banca,Analista,151,13903.93,INDEFINIDO,La Paz,ACTIVO
C00033,2026-08-06,DEPENDIENTE,Empresa 182,Construccion,Tecnico,43,3381.63,TEMPORAL,La Paz,ACTIVO
C00034,2026-03-05,INDEPENDIENTE,Actividad independiente,Agricultura,Profesional independiente,106,3998.58,INDEPENDIENTE,Tarija,ACTIVO
C00035,2026-02-22,DEPENDIENTE,Empresa 367,Tecnologia,Ingeniero,152,11261.02,TEMPORAL,Santa Cruz,ACTIVO
C00036,2026-01-03,DEPENDIENTE,Empresa 174,Transporte,Especialista,79,9586.98,TEMPORAL,Tarija,INACTIVO
C00037,2026-03-09,JUBILADO,Sistema de Pensiones,Construccion,Jubilado,140,3649.45,JUBILACION,Cochabamba,ACTIVO
C00038,2026-03-19,EMPRESARIO,Empresa PYME 820,Agricultura,Gerente,75,8943.67,PROPIETARIO,Potosi,ACTIVO
C00039,2026-02-04,DEPENDIENTE,Empresa 999,Salud,Supervisor,79,16942.22,TEMPORAL,La Paz,ACTIVO
C00040,2026-07-03,INDEPENDIENTE,Actividad independiente,Tecnologia,Comerciante,72,6021.95,INDEPENDIENTE,Santa Cruz,ACTIVO
C00041,2026-06-12,EMPRESARIO,Empresa PYME 194,Industria,Propietario,67,27633.41,PROPIETARIO,Potosi,ACTIVO
C00042,2026-04-24,DEPENDIENTE,Empresa 859,Servicios,Gerente,166,17686.87,INDEFINIDO,Oruro,ACTIVO
C00043,2026-01-10,DEPENDIENTE,Empresa 658,Tecnologia,Gerente,229,13210.8,INDEFINIDO,Tarija,ACTIVO
C00044,2026-01-11,DEPENDIENTE,Empresa 981,Tecnologia,Especialista,81,8152.1,INDEFINIDO,Santa Cruz,ACTIVO
C00045,2026-09-07,INDEPENDIENTE,Actividad independiente,Agricultura,Consultor,202,9498.54,INDEPENDIENTE,Oruro,ACTIVO
C00046,2026-08-14,JUBILADO,Sistema de Pensiones,Industria,Jubilado,207,7713.25,JUBILACION,La Paz,ACTIVO
C00047,2026-07-08,JUBILADO,Sistema de Pensiones,Educacion,Jubilado,208,6755.37,JUBILACION,Cochabamba,ACTIVO
C00048,2026-02-26,INDEPENDIENTE,Actividad independiente,Educacion,Consultor,226,2984.06,INDEPENDIENTE,Potosi,ACTIVO
C00049,2026-03-26,DEPENDIENTE,Empresa 508,Salud,Asistente,60,2866.8,INDEFINIDO,Potosi,ACTIVO
C00050,2026-08-04,INDEPENDIENTE,Actividad independiente,Servicios,Profesional independiente,167,8867.57,INDEPENDIENTE,Cochabamba,ACTIVO
C00051,2026-01-28,DEPENDIENTE,Empresa 139,Agricultura,Contador,48,11499.14,PLAZO_FIJO,Sucre,ACTIVO
C00052,2026-04-09,INDEPENDIENTE,Actividad independiente,Agricultura,Comerciante,158,14802.95,INDEPENDIENTE,Santa Cruz,ACTIVO
C00053,2026-06-25,INDEPENDIENTE,Actividad independiente,Educacion,Profesional independiente,136,14069.69,INDEPENDIENTE,Cochabamba,ACTIVO
C00054,2026-08-06,JUBILADO,Sistema de Pensiones,Comercio,Jubilado,162,4334.63,JUBILACION,Oruro,ACTIVO
C00055,2026-05-22,DEPENDIENTE,Empresa 402,Construccion,Director,107,7555.84,TEMPORAL,Santa Cruz,ACTIVO
C00056,2026-04-14,JUBILADO,Sistema de Pensiones,Servicios,Jubilado,160,6069.92,JUBILACION,Potosi,ACTIVO
C00057,2026-04-30,DEPENDIENTE,Empresa 429,Transporte,Comerciante,204,11489.76,PLAZO_FIJO,Sucre,ACTIVO
C00058,2026-06-19,DEPENDIENTE,Empresa 627,Agricultura,Contador,46,12712.19,TEMPORAL,Cochabamba,ACTIVO
C00059,2026-07-26,JUBILADO,Sistema de Pensiones,Educacion,Jubilado,175,4310.85,JUBILACION,Santa Cruz,ACTIVO
C00060,2026-04-17,DEPENDIENTE,Empresa 566,Agricultura,Supervisor,159,15670.93,PLAZO_FIJO,Santa Cruz,ACTIVO
C00061,2026-08-17,DEPENDIENTE,Empresa 105,Comercio,Director,65,4787.36,PLAZO_FIJO,Potosi,ACTIVO
C00062,2026-08-23,DEPENDIENTE,Empresa 355,Comercio,Tecnico,135,9700.52,TEMPORAL,Sucre,ACTIVO
C00063,2026-06-06,DEPENDIENTE,Empresa 553,Servicios,Especialista,146,11729.51,TEMPORAL,Sucre,ACTIVO
C00064,2026-07-12,DEPENDIENTE,Empresa 365,Educacion,Vendedor,193,15853.17,INDEFINIDO,Potosi,ACTIVO
C00065,2026-01-20,INDEPENDIENTE,Actividad independiente,Salud,Consultor,163,5490.57,INDEPENDIENTE,Santa Cruz,ACTIVO
C00066,2026-06-27,DEPENDIENTE,Empresa 492,Construccion,Asistente,23,4644.8,TEMPORAL,Oruro,ACTIVO
C00067,2026-08-02,DEPENDIENTE,Empresa 311,Industria,Analista,141,9721.83,PLAZO_FIJO,Sucre,ACTIVO
C00068,2026-04-08,DEPENDIENTE,Empresa 689,Transporte,Especialista,8,15779.35,TEMPORAL,La Paz,INACTIVO
C00069,2026-07-11,DEPENDIENTE,Empresa 651,Servicios,Administrador,221,16320.44,PLAZO_FIJO,Potosi,ACTIVO
C00070,2026-03-28,DEPENDIENTE,Empresa 498,Industria,Analista,72,9255.46,INDEFINIDO,Oruro,ACTIVO
C00071,2026-05-25,DEPENDIENTE,Empresa 706,Banca,Administrador,162,10778.92,INDEFINIDO,La Paz,ACTIVO
C00072,2026-02-24,DEPENDIENTE,Empresa 435,Transporte,Administrador,49,3279.41,PLAZO_FIJO,Cochabamba,ACTIVO
C00073,2026-08-02,EMPRESARIO,Empresa PYME 358,Comercio,Director,195,28780.1,PROPIETARIO,Sucre,ACTIVO
C00074,2026-01-11,DEPENDIENTE,Empresa 767,Banca,Especialista,60,12577.23,PLAZO_FIJO,Santa Cruz,ACTIVO
C00075,2026-05-25,DEPENDIENTE,Empresa 217,Educacion,Comerciante,64,4456.43,INDEFINIDO,Sucre,ACTIVO
C00076,2026-07-03,INDEPENDIENTE,Actividad independiente,Comercio,Profesional independiente,158,10090.59,INDEPENDIENTE,Potosi,ACTIVO
C00077,2026-03-21,JUBILADO,Sistema de Pensiones,Agricultura,Jubilado,151,2374.61,JUBILACION,Oruro,ACTIVO
C00078,2026-06-10,DEPENDIENTE,Empresa 950,Educacion,Director,53,3677.95,TEMPORAL,La Paz,ACTIVO
C00079,2026-07-20,DEPENDIENTE,Empresa 679,Banca,Especialista,156,14985.68,TEMPORAL,Cochabamba,ACTIVO
C00080,2026-08-06,INDEPENDIENTE,Actividad independiente,Industria,Comerciante,132,10594.29,INDEPENDIENTE,Potosi,ACTIVO
C00081,2026-02-09,DEPENDIENTE,Empresa 824,Industria,Vendedor,165,16319.41,PLAZO_FIJO,Santa Cruz,ACTIVO
C00082,2026-05-18,JUBILADO,Sistema de Pensiones,Transporte,Jubilado,160,7695.75,JUBILACION,Sucre,ACTIVO
C00083,2026-03-13,INDEPENDIENTE,Actividad independiente,Transporte,Comerciante,85,13146.41,INDEPENDIENTE,Santa Cruz,ACTIVO
C00084,2026-03-25,DEPENDIENTE,Empresa 971,Construccion,Vendedor,100,7714.15,TEMPORAL,Sucre,ACTIVO
C00085,2026-08-14,INDEPENDIENTE,Actividad independiente,Salud,Profesional independiente,74,13504.0,INDEPENDIENTE,Tarija,ACTIVO
C00086,2026-05-06,JUBILADO,Sistema de Pensiones,Servicios,Jubilado,64,7096.51,JUBILACION,Potosi,ACTIVO
C00087,2026-03-17,DEPENDIENTE,Empresa 195,Educacion,Analista,128,9446.71,TEMPORAL,Sucre,ACTIVO
C00088,2026-04-19,DEPENDIENTE,Empresa 452,Servicios,Tecnico,97,9835.54,TEMPORAL,Cochabamba,ACTIVO
C00089,2026-03-22,DEPENDIENTE,Empresa 297,Comercio,Director,67,6073.34,PLAZO_FIJO,Oruro,ACTIVO
C00090,2026-03-12,INDEPENDIENTE,Actividad independiente,Agricultura,Consultor,52,5204.81,INDEPENDIENTE,Potosi,ACTIVO
C00091,2026-02-15,DEPENDIENTE,Empresa 469,Salud,Asistente,216,5508.82,INDEFINIDO,La Paz,ACTIVO
C00092,2026-06-13,DEPENDIENTE,Empresa 229,Transporte,Director,16,11077.06,INDEFINIDO,La Paz,ACTIVO
C00093,2026-03-06,DEPENDIENTE,Empresa 152,Transporte,Gerente,125,9327.27,PLAZO_FIJO,La Paz,ACTIVO
C00094,2026-02-08,DEPENDIENTE,Empresa 255,Agricultura,Analista,150,12256.41,INDEFINIDO,Cochabamba,ACTIVO
C00095,2026-06-08,DEPENDIENTE,Empresa 909,Educacion,Consultor,198,8950.7,TEMPORAL,Potosi,ACTIVO
C00096,2026-05-26,DEPENDIENTE,Empresa 412,Agricultura,Administrador,79,15832.58,PLAZO_FIJO,La Paz,ACTIVO
C00097,2026-01-21,INDEPENDIENTE,Actividad independiente,Construccion,Profesional independiente,163,5137.81,INDEPENDIENTE,Santa Cruz,ACTIVO
C00098,2026-03-16,DEPENDIENTE,Empresa 581,Banca,Consultor,107,9482.81,INDEFINIDO,Santa Cruz,ACTIVO
C00099,2026-07-22,DEPENDIENTE,Empresa 906,Agricultura,Contador,21,13154.47,PLAZO_FIJO,Oruro,ACTIVO
C00100,2026-07-31,DEPENDIENTE,Empresa 372,Construccion,Gerente,142,5984.55,INDEFINIDO,La Paz,ACTIVO
C00101,2026-03-19,INDEPENDIENTE,Actividad independiente,Industria,Profesional independiente,115,4054.42,INDEPENDIENTE,Cochabamba,ACTIVO
C00102,2026-03-24,DEPENDIENTE,Empresa 852,Agricultura,Administrador,156,3117.84,INDEFINIDO,Cochabamba,ACTIVO
C00103,2026-07-15,DEPENDIENTE,Empresa 121,Salud,Consultor,217,15838.01,TEMPORAL,Tarija,ACTIVO
C00104,2026-02-16,INDEPENDIENTE,Actividad independiente,Agricultura,Consultor,135,10643.87,INDEPENDIENTE,Sucre,ACTIVO
C00105,2026-06-21,DEPENDIENTE,Empresa 428,Comercio,Ingeniero,123,7893.4,INDEFINIDO,Potosi,ACTIVO
C00106,2026-07-14,DEPENDIENTE,Empresa 933,Servicios,Administrador,76,12770.04,PLAZO_FIJO,La Paz,ACTIVO
C00107,2026-05-12,DEPENDIENTE,Empresa 985,Banca,Administrador,32,17537.86,PLAZO_FIJO,Oruro,ACTIVO
C00108,2026-05-08,DEPENDIENTE,Empresa 874,Transporte,Consultor,51,10535.81,INDEFINIDO,Potosi,ACTIVO
C00109,2026-02-01,DEPENDIENTE,Empresa 596,Banca,Director,240,6964.45,INDEFINIDO,Oruro,ACTIVO
C00110,2026-01-24,DEPENDIENTE,Empresa 517,Educacion,Tecnico,82,11038.0,INDEFINIDO,Potosi,ACTIVO
C00111,2026-03-16,DEPENDIENTE,Empresa 833,Servicios,Vendedor,168,15398.22,INDEFINIDO,Oruro,ACTIVO
C00112,2026-02-18,EMPRESARIO,Empresa PYME 492,Agricultura,Propietario,65,16419.66,PROPIETARIO,Tarija,ACTIVO
C00113,2026-08-28,DEPENDIENTE,Empresa 448,Servicios,Administrador,73,14476.46,INDEFINIDO,Cochabamba,ACTIVO
C00114,2026-08-10,DEPENDIENTE,Empresa 601,Construccion,Comerciante,217,11597.53,PLAZO_FIJO,Sucre,ACTIVO
C00115,2026-08-11,DEPENDIENTE,Empresa 429,Educacion,Vendedor,198,10923.17,TEMPORAL,Oruro,ACTIVO
C00116,2026-08-22,DEPENDIENTE,Empresa 822,Industria,Vendedor,14,7431.73,PLAZO_FIJO,Sucre,INACTIVO
C00117,2026-05-09,INDEPENDIENTE,Actividad independiente,Agricultura,Comerciante,129,14560.31,INDEPENDIENTE,Cochabamba,ACTIVO
C00118,2026-07-04,EMPRESARIO,Empresa PYME 115,Construccion,Director,28,18148.78,PROPIETARIO,Sucre,ACTIVO
C00119,2026-03-09,JUBILADO,Sistema de Pensiones,Tecnologia,Jubilado,123,7514.37,JUBILACION,Tarija,ACTIVO
C00120,2026-04-08,INDEPENDIENTE,Actividad independiente,Tecnologia,Profesional independiente,221,10929.47,INDEPENDIENTE,Oruro,ACTIVO
C00121,2026-06-25,INDEPENDIENTE,Actividad independiente,Salud,Profesional independiente,161,3355.26,INDEPENDIENTE,Santa Cruz,ACTIVO
C00122,2026-02-12,DEPENDIENTE,Empresa 554,Salud,Supervisor,197,12323.09,INDEFINIDO,La Paz,ACTIVO
C00123,2026-03-04,INDEPENDIENTE,Actividad independiente,Servicios,Comerciante,94,7185.51,INDEPENDIENTE,Sucre,ACTIVO
C00124,2026-06-08,INDEPENDIENTE,Actividad independiente,Educacion,Consultor,47,3487.1,INDEPENDIENTE,Sucre,ACTIVO
C00125,2026-01-03,DEPENDIENTE,Empresa 782,Transporte,Contador,166,6436.65,PLAZO_FIJO,Cochabamba,ACTIVO
C00126,2026-09-04,DEPENDIENTE,Empresa 754,Industria,Contador,91,17808.6,PLAZO_FIJO,Oruro,ACTIVO
C00127,2026-04-08,EMPRESARIO,Empresa PYME 342,Agricultura,Propietario,101,26333.39,PROPIETARIO,Cochabamba,ACTIVO
C00128,2026-06-18,JUBILADO,Sistema de Pensiones,Industria,Jubilado,8,8850.02,JUBILACION,Cochabamba,ACTIVO
C00129,2026-08-20,EMPRESARIO,Empresa PYME 952,Salud,Director,236,20160.16,PROPIETARIO,Potosi,ACTIVO
C00130,2026-06-23,DEPENDIENTE,Empresa 356,Construccion,Consultor,59,12367.58,PLAZO_FIJO,Oruro,ACTIVO
C00131,2026-05-29,INDEPENDIENTE,Actividad independiente,Tecnologia,Comerciante,82,12357.63,INDEPENDIENTE,Oruro,ACTIVO
C00132,2026-07-21,EMPRESARIO,Empresa PYME 235,Servicios,Propietario,194,15387.58,PROPIETARIO,Cochabamba,ACTIVO
C00133,2026-03-17,EMPRESARIO,Empresa PYME 925,Tecnologia,Director,68,27851.22,PROPIETARIO,Potosi,ACTIVO
C00134,2026-08-09,JUBILADO,Sistema de Pensiones,Industria,Jubilado,196,8772.2,JUBILACION,Potosi,ACTIVO
C00135,2026-04-05,DEPENDIENTE,Empresa 565,Salud,Supervisor,6,6599.11,PLAZO_FIJO,Tarija,ACTIVO
C00136,2026-01-07,INDEPENDIENTE,Actividad independiente,Agricultura,Consultor,30,10935.46,INDEPENDIENTE,Tarija,ACTIVO
C00137,2026-03-19,DEPENDIENTE,Empresa 817,Industria,Vendedor,19,12348.76,TEMPORAL,La Paz,ACTIVO
C00138,2026-03-02,JUBILADO,Sistema de Pensiones,Servicios,Jubilado,129,2989.62,JUBILACION,Santa Cruz,ACTIVO
C00139,2026-07-10,DEPENDIENTE,Empresa 701,Construccion,Administrador,181,17162.6,TEMPORAL,Sucre,ACTIVO
C00140,2026-04-24,EMPRESARIO,Empresa PYME 322,Transporte,Director,74,5817.91,PROPIETARIO,Santa Cruz,ACTIVO
C00141,2026-01-16,DEPENDIENTE,Empresa 467,Industria,Comerciante,97,10939.22,TEMPORAL,Cochabamba,ACTIVO
C00142,2026-06-02,DEPENDIENTE,Empresa 754,Banca,Comerciante,26,12772.92,PLAZO_FIJO,La Paz,ACTIVO
C00143,2026-07-15,DEPENDIENTE,Empresa 949,Servicios,Supervisor,204,11250.96,INDEFINIDO,Santa Cruz,ACTIVO
C00144,2026-01-01,INDEPENDIENTE,Actividad independiente,Salud,Profesional independiente,87,12179.61,INDEPENDIENTE,Potosi,INACTIVO
C00145,2026-06-19,JUBILADO,Sistema de Pensiones,Banca,Jubilado,207,3386.58,JUBILACION,Santa Cruz,ACTIVO
C00146,2026-03-09,INDEPENDIENTE,Actividad independiente,Banca,Comerciante,153,6547.14,INDEPENDIENTE,Santa Cruz,ACTIVO
C00147,2026-05-12,DEPENDIENTE,Empresa 470,Agricultura,Especialista,19,9881.81,TEMPORAL,La Paz,ACTIVO
C00148,2026-03-19,DEPENDIENTE,Empresa 633,Transporte,Comerciante,14,13772.27,TEMPORAL,Oruro,INACTIVO
C00149,2026-05-06,DEPENDIENTE,Empresa 210,Transporte,Comerciante,219,8725.07,PLAZO_FIJO,La Paz,ACTIVO
C00150,2026-05-30,DEPENDIENTE,Empresa 748,Servicios,Consultor,19,4455.97,INDEFINIDO,Oruro,ACTIVO
C00151,2026-04-21,JUBILADO,Sistema de Pensiones,Comercio,Jubilado,119,5637.75,JUBILACION,Potosi,ACTIVO
C00152,2026-03-28,EMPRESARIO,Empresa PYME 523,Transporte,Propietario,113,16288.87,PROPIETARIO,Sucre,ACTIVO
C00153,2026-06-25,DEPENDIENTE,Empresa 256,Transporte,Ingeniero,83,12809.17,PLAZO_FIJO,La Paz,ACTIVO
C00154,2026-02-03,DEPENDIENTE,Empresa 931,Servicios,Ingeniero,27,14041.13,PLAZO_FIJO,La Paz,ACTIVO
C00155,2026-06-20,DEPENDIENTE,Empresa 994,Industria,Ingeniero,174,4394.58,PLAZO_FIJO,Potosi,ACTIVO
C00156,2026-05-10,DEPENDIENTE,Empresa 691,Educacion,Supervisor,156,7342.96,PLAZO_FIJO,Santa Cruz,ACTIVO
C00157,2026-07-15,DEPENDIENTE,Empresa 217,Salud,Ingeniero,92,15603.29,INDEFINIDO,Tarija,ACTIVO
C00158,2026-06-14,DEPENDIENTE,Empresa 791,Servicios,Consultor,199,15185.62,TEMPORAL,La Paz,ACTIVO
C00159,2026-07-15,INDEPENDIENTE,Actividad independiente,Salud,Profesional independiente,10,4755.2,INDEPENDIENTE,Cochabamba,ACTIVO
C00160,2026-07-09,DEPENDIENTE,Empresa 245,Banca,Supervisor,147,12688.84,INDEFINIDO,La Paz,ACTIVO
C00161,2026-07-04,DEPENDIENTE,Empresa 419,Tecnologia,Ingeniero,119,7783.89,PLAZO_FIJO,Potosi,INACTIVO
C00162,2026-06-22,DEPENDIENTE,Empresa 150,Comercio,Consultor,42,4939.85,INDEFINIDO,Cochabamba,ACTIVO
C00163,2026-05-12,DEPENDIENTE,Empresa 873,Comercio,Asistente,116,8919.85,TEMPORAL,Cochabamba,ACTIVO
C00164,2026-01-12,DEPENDIENTE,Empresa 415,Educacion,Comerciante,154,10042.81,TEMPORAL,Sucre,INACTIVO
C00165,2026-07-15,DEPENDIENTE,Empresa 240,Salud,Especialista,80,17152.52,INDEFINIDO,Cochabamba,ACTIVO
C00166,2026-06-30,DEPENDIENTE,Empresa 645,Educacion,Administrador,113,5223.27,TEMPORAL,Tarija,ACTIVO
C00167,2026-01-11,INDEPENDIENTE,Actividad independiente,Industria,Profesional independiente,21,7463.39,INDEPENDIENTE,La Paz,ACTIVO
C00168,2026-06-13,DEPENDIENTE,Empresa 826,Industria,Administrador,150,9153.91,PLAZO_FIJO,Cochabamba,ACTIVO
C00169,2026-08-01,DEPENDIENTE,Empresa 571,Tecnologia,Consultor,46,14920.49,PLAZO_FIJO,La Paz,ACTIVO
C00170,2026-08-11,DEPENDIENTE,Empresa 505,Salud,Supervisor,153,8706.97,PLAZO_FIJO,Oruro,ACTIVO
C00171,2026-05-11,DEPENDIENTE,Empresa 643,Educacion,Supervisor,22,10412.49,INDEFINIDO,Potosi,ACTIVO
C00172,2026-02-20,INDEPENDIENTE,Actividad independiente,Construccion,Consultor,63,3785.06,INDEPENDIENTE,Tarija,ACTIVO
C00173,2026-05-07,INDEPENDIENTE,Actividad independiente,Transporte,Profesional independiente,48,14391.15,INDEPENDIENTE,Potosi,ACTIVO
C00174,2026-06-09,DEPENDIENTE,Empresa 750,Tecnologia,Comerciante,239,16171.75,TEMPORAL,Potosi,INACTIVO
C00175,2026-07-23,DEPENDIENTE,Empresa 410,Salud,Comerciante,20,9768.28,PLAZO_FIJO,Tarija,ACTIVO
C00176,2026-08-01,DEPENDIENTE,Empresa 477,Salud,Analista,121,9504.66,PLAZO_FIJO,La Paz,ACTIVO
C00177,2026-04-09,JUBILADO,Sistema de Pensiones,Transporte,Jubilado,160,6239.74,JUBILACION,Tarija,ACTIVO
C00178,2026-06-16,INDEPENDIENTE,Actividad independiente,Educacion,Profesional independiente,118,13863.12,INDEPENDIENTE,Cochabamba,ACTIVO
C00179,2026-01-22,DEPENDIENTE,Empresa 831,Servicios,Ingeniero,118,4104.28,INDEFINIDO,Oruro,ACTIVO
C00180,2026-04-04,DEPENDIENTE,Empresa 262,Tecnologia,Consultor,115,10623.06,PLAZO_FIJO,Cochabamba,ACTIVO
C00181,2026-01-17,INDEPENDIENTE,Actividad independiente,Tecnologia,Consultor,205,10386.08,INDEPENDIENTE,La Paz,ACTIVO
C00182,2026-02-08,DEPENDIENTE,Empresa 994,Tecnologia,Consultor,188,15699.28,PLAZO_FIJO,La Paz,ACTIVO
C00183,2026-04-11,DEPENDIENTE,Empresa 778,Construccion,Director,82,17499.3,PLAZO_FIJO,Tarija,ACTIVO
C00184,2026-02-02,DEPENDIENTE,Empresa 932,Servicios,Ingeniero,99,12474.15,TEMPORAL,La Paz,ACTIVO
C00185,2026-03-29,DEPENDIENTE,Empresa 319,Transporte,Gerente,7,8120.26,PLAZO_FIJO,Santa Cruz,ACTIVO
C00186,2026-07-17,DEPENDIENTE,Empresa 619,Servicios,Supervisor,78,15588.64,INDEFINIDO,Potosi,ACTIVO
C00187,2026-06-02,DEPENDIENTE,Empresa 234,Industria,Consultor,89,16084.09,TEMPORAL,Santa Cruz,ACTIVO
C00188,2026-06-23,EMPRESARIO,Empresa PYME 473,Educacion,Director,187,15941.84,PROPIETARIO,Sucre,ACTIVO
C00189,2026-09-05,INDEPENDIENTE,Actividad independiente,Transporte,Consultor,62,9175.14,INDEPENDIENTE,Potosi,ACTIVO
C00190,2026-05-09,INDEPENDIENTE,Actividad independiente,Servicios,Consultor,121,12117.98,INDEPENDIENTE,Sucre,INACTIVO
C00191,2026-05-04,INDEPENDIENTE,Actividad independiente,Tecnologia,Profesional independiente,226,5625.04,INDEPENDIENTE,Tarija,ACTIVO
C00192,2026-03-11,INDEPENDIENTE,Actividad independiente,Transporte,Comerciante,75,3548.44,INDEPENDIENTE,Tarija,ACTIVO
C00193,2026-04-17,DEPENDIENTE,Empresa 127,Banca,Ingeniero,212,9492.48,INDEFINIDO,Sucre,ACTIVO
C00194,2026-08-03,DEPENDIENTE,Empresa 201,Tecnologia,Ingeniero,98,5980.35,INDEFINIDO,Potosi,ACTIVO
C00195,2026-05-01,DEPENDIENTE,Empresa 822,Transporte,Especialista,181,15382.21,PLAZO_FIJO,Tarija,ACTIVO
C00196,2026-06-05,DEPENDIENTE,Empresa 844,Servicios,Tecnico,58,15441.93,PLAZO_FIJO,Sucre,ACTIVO
C00197,2026-07-23,DEPENDIENTE,Empresa 754,Agricultura,Administrador,34,3240.12,PLAZO_FIJO,Sucre,ACTIVO
C00198,2026-05-28,EMPRESARIO,Empresa PYME 627,Educacion,Gerente,155,18401.34,PROPIETARIO,Oruro,ACTIVO
C00199,2026-06-20,DEPENDIENTE,Empresa 291,Comercio,Administrador,93,6228.75,TEMPORAL,Tarija,INACTIVO
C00200,2026-01-06,DEPENDIENTE,Empresa 667,Industria,Tecnico,142,10363.58,TEMPORAL,Potosi,ACTIVO
C00201,2026-07-21,INDEPENDIENTE,Actividad independiente,Comercio,Consultor,67,11841.46,INDEPENDIENTE,Cochabamba,ACTIVO
C00202,2026-02-04,INDEPENDIENTE,Actividad independiente,Banca,Consultor,200,9773.79,INDEPENDIENTE,Cochabamba,ACTIVO
C00203,2026-06-28,INDEPENDIENTE,Actividad independiente,Transporte,Consultor,215,12239.28,INDEPENDIENTE,Oruro,ACTIVO
C00204,2026-02-21,DEPENDIENTE,Empresa 400,Banca,Analista,201,17125.88,TEMPORAL,Potosi,ACTIVO
C00205,2026-03-06,DEPENDIENTE,Empresa 584,Banca,Tecnico,134,8672.47,PLAZO_FIJO,Potosi,ACTIVO
C00206,2026-07-24,DEPENDIENTE,Empresa 227,Tecnologia,Contador,224,12663.84,INDEFINIDO,Sucre,ACTIVO
C00207,2026-06-27,INDEPENDIENTE,Actividad independiente,Transporte,Consultor,89,14671.54,INDEPENDIENTE,Cochabamba,ACTIVO
C00208,2026-07-30,DEPENDIENTE,Empresa 716,Construccion,Administrador,189,9079.74,INDEFINIDO,Tarija,ACTIVO
C00209,2026-07-03,DEPENDIENTE,Empresa 717,Industria,Vendedor,172,7082.42,PLAZO_FIJO,Santa Cruz,ACTIVO
C00210,2026-04-22,DEPENDIENTE,Empresa 729,Salud,Ingeniero,189,15985.58,INDEFINIDO,Oruro,INACTIVO
C00211,2026-04-04,JUBILADO,Sistema de Pensiones,Servicios,Jubilado,174,6535.09,JUBILACION,Potosi,ACTIVO
C00212,2026-04-23,DEPENDIENTE,Empresa 900,Banca,Comerciante,39,15654.37,INDEFINIDO,Santa Cruz,ACTIVO
C00213,2026-01-09,INDEPENDIENTE,Actividad independiente,Agricultura,Profesional independiente,95,7285.68,INDEPENDIENTE,Santa Cruz,ACTIVO
C00214,2026-05-27,JUBILADO,Sistema de Pensiones,Construccion,Jubilado,116,7388.97,JUBILACION,Tarija,ACTIVO
C00215,2026-02-17,DEPENDIENTE,Empresa 853,Transporte,Analista,66,17388.06,PLAZO_FIJO,Tarija,ACTIVO
C00216,2026-06-06,DEPENDIENTE,Empresa 319,Salud,Vendedor,201,6534.49,PLAZO_FIJO,Oruro,ACTIVO
C00217,2026-08-19,DEPENDIENTE,Empresa 276,Transporte,Vendedor,37,15718.81,INDEFINIDO,La Paz,ACTIVO
C00218,2026-01-17,JUBILADO,Sistema de Pensiones,Servicios,Jubilado,173,4562.49,JUBILACION,Tarija,ACTIVO
C00219,2026-02-14,DEPENDIENTE,Empresa 753,Tecnologia,Director,185,13498.24,INDEFINIDO,Tarija,ACTIVO
C00220,2026-01-07,JUBILADO,Sistema de Pensiones,Tecnologia,Jubilado,63,7574.54,JUBILACION,Tarija,ACTIVO
C00221,2026-03-21,DEPENDIENTE,Empresa 167,Industria,Supervisor,36,11985.2,TEMPORAL,Oruro,ACTIVO
C00222,2026-06-14,DEPENDIENTE,Empresa 424,Comercio,Gerente,213,11410.96,PLAZO_FIJO,Sucre,ACTIVO
C00223,2026-05-31,DEPENDIENTE,Empresa 755,Construccion,Tecnico,227,15350.33,INDEFINIDO,Potosi,INACTIVO
C00224,2026-02-12,DEPENDIENTE,Empresa 411,Construccion,Gerente,215,4424.5,INDEFINIDO,Cochabamba,ACTIVO
C00225,2026-02-20,DEPENDIENTE,Empresa 356,Servicios,Supervisor,232,6902.75,TEMPORAL,Cochabamba,ACTIVO
C00226,2026-08-30,DEPENDIENTE,Empresa 706,Agricultura,Gerente,26,10289.88,TEMPORAL,Santa Cruz,ACTIVO
C00227,2026-07-31,INDEPENDIENTE,Actividad independiente,Banca,Comerciante,218,14049.12,INDEPENDIENTE,La Paz,ACTIVO
C00228,2026-04-17,INDEPENDIENTE,Actividad independiente,Agricultura,Profesional independiente,169,5135.1,INDEPENDIENTE,Oruro,ACTIVO
C00229,2026-07-26,EMPRESARIO,Empresa PYME 350,Industria,Director,167,28916.25,PROPIETARIO,Cochabamba,ACTIVO
C00230,2026-02-22,INDEPENDIENTE,Actividad independiente,Tecnologia,Consultor,115,7695.27,INDEPENDIENTE,Tarija,ACTIVO
C00231,2026-02-03,EMPRESARIO,Empresa PYME 508,Tecnologia,Director,190,29700.58,PROPIETARIO,Tarija,ACTIVO
C00232,2026-01-25,DEPENDIENTE,Empresa 244,Banca,Asistente,34,6645.81,PLAZO_FIJO,Cochabamba,INACTIVO
C00233,2026-03-25,EMPRESARIO,Empresa PYME 933,Agricultura,Propietario,66,29067.15,PROPIETARIO,Oruro,ACTIVO
C00234,2026-05-08,INDEPENDIENTE,Actividad independiente,Banca,Consultor,134,8335.19,INDEPENDIENTE,La Paz,INACTIVO
C00235,2026-03-14,DEPENDIENTE,Empresa 151,Transporte,Analista,58,11541.83,INDEFINIDO,Tarija,ACTIVO
C00236,2026-04-21,INDEPENDIENTE,Actividad independiente,Construccion,Comerciante,76,9208.63,INDEPENDIENTE,Cochabamba,ACTIVO
C00237,2026-05-24,INDEPENDIENTE,Actividad independiente,Educacion,Profesional independiente,14,7507.27,INDEPENDIENTE,Cochabamba,ACTIVO
C00238,2026-06-09,DEPENDIENTE,Empresa 945,Agricultura,Contador,118,14348.26,TEMPORAL,La Paz,ACTIVO
C00239,2026-07-13,DEPENDIENTE,Empresa 474,Construccion,Tecnico,206,17795.21,PLAZO_FIJO,Santa Cruz,ACTIVO
C00240,2026-07-25,DEPENDIENTE,Empresa 441,Transporte,Director,14,3103.17,INDEFINIDO,Tarija,ACTIVO
C00241,2026-02-11,DEPENDIENTE,Empresa 426,Industria,Consultor,38,7583.47,TEMPORAL,Tarija,ACTIVO
C00242,2026-07-01,DEPENDIENTE,Empresa 601,Agricultura,Tecnico,132,15338.49,PLAZO_FIJO,Cochabamba,ACTIVO
C00243,2026-03-20,DEPENDIENTE,Empresa 697,Banca,Administrador,175,4198.87,PLAZO_FIJO,Tarija,ACTIVO
C00244,2026-05-03,JUBILADO,Sistema de Pensiones,Construccion,Jubilado,187,2549.22,JUBILACION,Tarija,ACTIVO
C00245,2026-05-27,DEPENDIENTE,Empresa 132,Comercio,Asistente,40,15235.75,PLAZO_FIJO,Santa Cruz,ACTIVO
C00246,2026-07-18,DEPENDIENTE,Empresa 613,Agricultura,Administrador,108,13202.75,INDEFINIDO,Sucre,ACTIVO
C00247,2026-05-24,INDEPENDIENTE,Actividad independiente,Tecnologia,Comerciante,183,4226.03,INDEPENDIENTE,Oruro,ACTIVO
C00248,2026-04-01,DEPENDIENTE,Empresa 659,Salud,Ingeniero,120,16637.92,INDEFINIDO,Tarija,ACTIVO
C00249,2026-08-30,JUBILADO,Sistema de Pensiones,Salud,Jubilado,145,4229.79,JUBILACION,Potosi,ACTIVO
C00250,2026-08-28,DEPENDIENTE,Empresa 673,Salud,Ingeniero,128,7414.13,TEMPORAL,Cochabamba,ACTIVO
C00251,2026-09-02,INDEPENDIENTE,Actividad independiente,Construccion,Consultor,232,14752.01,INDEPENDIENTE,Cochabamba,ACTIVO
C00252,2026-06-17,JUBILADO,Sistema de Pensiones,Salud,Jubilado,91,8483.27,JUBILACION,Oruro,ACTIVO
C00253,2026-02-05,DEPENDIENTE,Empresa 378,Comercio,Director,72,16961.87,TEMPORAL,Tarija,ACTIVO
C00254,2026-03-01,DEPENDIENTE,Empresa 753,Banca,Asistente,174,16530.35,INDEFINIDO,La Paz,ACTIVO
C00255,2026-09-04,INDEPENDIENTE,Actividad independiente,Servicios,Comerciante,177,12134.58,INDEPENDIENTE,Santa Cruz,ACTIVO
C00256,2026-07-13,JUBILADO,Sistema de Pensiones,Salud,Jubilado,125,6623.66,JUBILACION,Cochabamba,ACTIVO
C00257,2026-07-05,DEPENDIENTE,Empresa 856,Banca,Tecnico,169,11399.07,INDEFINIDO,Santa Cruz,ACTIVO
C00258,2026-08-28,EMPRESARIO,Empresa PYME 290,Salud,Director,217,14924.86,PROPIETARIO,La Paz,ACTIVO
C00259,2026-06-14,DEPENDIENTE,Empresa 565,Servicios,Contador,240,17736.41,INDEFINIDO,Tarija,ACTIVO
C00260,2026-01-29,JUBILADO,Sistema de Pensiones,Tecnologia,Jubilado,72,3511.12,JUBILACION,Santa Cruz,ACTIVO
C00261,2026-05-26,INDEPENDIENTE,Actividad independiente,Educacion,Consultor,6,11707.72,INDEPENDIENTE,Santa Cruz,ACTIVO
C00262,2026-01-23,INDEPENDIENTE,Actividad independiente,Industria,Consultor,214,7846.29,INDEPENDIENTE,Oruro,ACTIVO
C00263,2026-01-02,JUBILADO,Sistema de Pensiones,Salud,Jubilado,85,8563.61,JUBILACION,Sucre,ACTIVO
C00264,2026-01-03,INDEPENDIENTE,Actividad independiente,Salud,Profesional independiente,80,9780.76,INDEPENDIENTE,Oruro,ACTIVO
C00265,2026-06-25,DEPENDIENTE,Empresa 515,Servicios,Gerente,33,9713.62,TEMPORAL,Oruro,ACTIVO
C00266,2026-09-03,INDEPENDIENTE,Actividad independiente,Construccion,Comerciante,97,10182.82,INDEPENDIENTE,Sucre,ACTIVO
C00267,2026-07-13,INDEPENDIENTE,Actividad independiente,Servicios,Consultor,109,11274.26,INDEPENDIENTE,Potosi,ACTIVO
C00268,2026-05-15,DEPENDIENTE,Empresa 183,Transporte,Especialista,177,14198.46,INDEFINIDO,Tarija,ACTIVO
C00269,2026-02-21,DEPENDIENTE,Empresa 617,Agricultura,Tecnico,31,3457.25,TEMPORAL,Tarija,ACTIVO
C00270,2026-05-30,DEPENDIENTE,Empresa 834,Transporte,Asistente,116,4301.72,TEMPORAL,La Paz,ACTIVO
C00271,2026-05-25,DEPENDIENTE,Empresa 567,Banca,Administrador,119,4545.14,INDEFINIDO,Tarija,ACTIVO
C00272,2026-07-10,INDEPENDIENTE,Actividad independiente,Educacion,Comerciante,104,5680.72,INDEPENDIENTE,Tarija,ACTIVO
C00273,2026-08-28,DEPENDIENTE,Empresa 170,Transporte,Analista,19,10888.03,TEMPORAL,La Paz,ACTIVO
C00274,2026-09-04,DEPENDIENTE,Empresa 761,Industria,Director,199,12443.64,INDEFINIDO,Cochabamba,INACTIVO
C00275,2026-05-19,DEPENDIENTE,Empresa 995,Construccion,Comerciante,99,3743.87,PLAZO_FIJO,Oruro,ACTIVO
C00276,2026-08-02,DEPENDIENTE,Empresa 328,Banca,Director,103,10697.06,TEMPORAL,Potosi,ACTIVO
C00277,2026-07-30,DEPENDIENTE,Empresa 488,Educacion,Tecnico,187,10938.9,TEMPORAL,Santa Cruz,ACTIVO
C00278,2026-07-27,DEPENDIENTE,Empresa 132,Industria,Supervisor,227,13737.87,INDEFINIDO,Tarija,ACTIVO
C00279,2026-01-09,EMPRESARIO,Empresa PYME 708,Transporte,Propietario,64,10152.04,PROPIETARIO,Tarija,ACTIVO
C00280,2026-05-19,EMPRESARIO,Empresa PYME 339,Educacion,Director,192,6105.92,PROPIETARIO,Potosi,ACTIVO
C00281,2026-03-23,DEPENDIENTE,Empresa 689,Agricultura,Director,77,6129.5,TEMPORAL,Tarija,ACTIVO
C00282,2026-05-14,INDEPENDIENTE,Actividad independiente,Educacion,Profesional independiente,80,13453.23,INDEPENDIENTE,Sucre,ACTIVO
C00283,2026-06-23,DEPENDIENTE,Empresa 741,Industria,Gerente,228,13895.79,TEMPORAL,Tarija,ACTIVO
C00284,2026-06-28,JUBILADO,Sistema de Pensiones,Industria,Jubilado,204,5766.35,JUBILACION,Sucre,ACTIVO
C00285,2026-08-08,DEPENDIENTE,Empresa 407,Construccion,Asistente,124,6235.01,TEMPORAL,Potosi,ACTIVO
C00286,2026-03-04,DEPENDIENTE,Empresa 497,Salud,Gerente,109,11137.94,PLAZO_FIJO,Santa Cruz,ACTIVO
C00287,2026-08-01,DEPENDIENTE,Empresa 841,Educacion,Tecnico,219,8251.7,PLAZO_FIJO,La Paz,ACTIVO
C00288,2026-07-05,INDEPENDIENTE,Actividad independiente,Servicios,Profesional independiente,226,3409.8,INDEPENDIENTE,Santa Cruz,ACTIVO
C00289,2026-08-28,EMPRESARIO,Empresa PYME 316,Educacion,Propietario,80,28925.49,PROPIETARIO,Oruro,ACTIVO
C00290,2026-06-04,JUBILADO,Sistema de Pensiones,Educacion,Jubilado,237,3849.63,JUBILACION,Sucre,ACTIVO
C00291,2026-03-20,DEPENDIENTE,Empresa 467,Salud,Comerciante,100,9726.88,PLAZO_FIJO,Cochabamba,ACTIVO
C00292,2026-08-03,DEPENDIENTE,Empresa 879,Tecnologia,Vendedor,208,17710.44,INDEFINIDO,Santa Cruz,ACTIVO
C00293,2026-03-08,DEPENDIENTE,Empresa 116,Servicios,Gerente,224,5929.75,TEMPORAL,Tarija,ACTIVO
C00294,2026-08-02,DEPENDIENTE,Empresa 683,Educacion,Administrador,53,7612.91,INDEFINIDO,Sucre,ACTIVO
C00295,2026-05-06,JUBILADO,Sistema de Pensiones,Transporte,Jubilado,68,7390.85,JUBILACION,Sucre,ACTIVO
C00296,2026-02-17,INDEPENDIENTE,Actividad independiente,Servicios,Consultor,38,11503.92,INDEPENDIENTE,Oruro,INACTIVO
C00297,2026-04-16,DEPENDIENTE,Empresa 106,Construccion,Especialista,212,12857.34,INDEFINIDO,Potosi,ACTIVO
C00298,2026-01-16,DEPENDIENTE,Empresa 482,Agricultura,Vendedor,5,5890.15,INDEFINIDO,Oruro,ACTIVO
C00299,2026-05-22,DEPENDIENTE,Empresa 644,Industria,Analista,171,10061.74,PLAZO_FIJO,La Paz,ACTIVO
C00300,2026-06-22,INDEPENDIENTE,Actividad independiente,Industria,Profesional independiente,7,8777.7,INDEPENDIENTE,Potosi,ACTIVO
C00301,2026-05-15,DEPENDIENTE,Empresa 734,Salud,Asistente,137,4807.91,INDEFINIDO,Potosi,ACTIVO
C00302,2026-05-25,INDEPENDIENTE,Actividad independiente,Educacion,Consultor,98,14491.22,INDEPENDIENTE,Oruro,ACTIVO
C00303,2026-07-14,INDEPENDIENTE,Actividad independiente,Banca,Profesional independiente,170,14895.93,INDEPENDIENTE,La Paz,ACTIVO
C00304,2026-01-22,DEPENDIENTE,Empresa 275,Transporte,Director,17,12369.6,PLAZO_FIJO,Potosi,ACTIVO
C00305,2026-02-28,INDEPENDIENTE,Actividad independiente,Educacion,Comerciante,232,9101.99,INDEPENDIENTE,Potosi,ACTIVO
C00306,2026-08-19,DEPENDIENTE,Empresa 387,Servicios,Comerciante,14,16824.47,PLAZO_FIJO,Tarija,ACTIVO
C00307,2026-07-12,DEPENDIENTE,Empresa 247,Industria,Consultor,7,17402.77,PLAZO_FIJO,La Paz,ACTIVO
C00308,2026-03-26,DEPENDIENTE,Empresa 653,Industria,Comerciante,216,15666.36,TEMPORAL,Potosi,ACTIVO
C00309,2026-01-14,INDEPENDIENTE,Actividad independiente,Comercio,Consultor,131,11818.21,INDEPENDIENTE,Sucre,ACTIVO
C00310,2026-09-06,DEPENDIENTE,Empresa 506,Tecnologia,Consultor,199,12014.91,TEMPORAL,La Paz,ACTIVO
C00311,2026-08-29,INDEPENDIENTE,Actividad independiente,Industria,Profesional independiente,128,5351.73,INDEPENDIENTE,Sucre,ACTIVO
C00312,2026-03-05,DEPENDIENTE,Empresa 917,Comercio,Contador,24,14468.59,PLAZO_FIJO,La Paz,ACTIVO
C00313,2026-01-28,DEPENDIENTE,Empresa 469,Comercio,Ingeniero,42,13964.66,TEMPORAL,La Paz,INACTIVO
C00314,2026-04-25,DEPENDIENTE,Empresa 541,Servicios,Gerente,29,4553.86,PLAZO_FIJO,Tarija,ACTIVO
C00315,2026-07-20,DEPENDIENTE,Empresa 712,Tecnologia,Consultor,93,11090.41,INDEFINIDO,Potosi,ACTIVO
C00316,2026-05-27,DEPENDIENTE,Empresa 348,Servicios,Tecnico,202,3812.84,PLAZO_FIJO,Santa Cruz,ACTIVO
C00317,2026-02-12,DEPENDIENTE,Empresa 164,Industria,Gerente,80,6660.31,PLAZO_FIJO,Cochabamba,ACTIVO
C00318,2026-06-10,DEPENDIENTE,Empresa 838,Transporte,Asistente,95,6401.35,INDEFINIDO,Tarija,ACTIVO
C00319,2026-08-04,DEPENDIENTE,Empresa 440,Agricultura,Administrador,80,2604.89,INDEFINIDO,Sucre,ACTIVO
C00320,2026-02-04,DEPENDIENTE,Empresa 708,Salud,Comerciante,113,15139.87,PLAZO_FIJO,Cochabamba,ACTIVO
C00321,2026-09-05,INDEPENDIENTE,Actividad independiente,Tecnologia,Consultor,83,4720.47,INDEPENDIENTE,Cochabamba,ACTIVO
C00322,2026-04-04,INDEPENDIENTE,Actividad independiente,Comercio,Consultor,86,7200.69,INDEPENDIENTE,Tarija,ACTIVO
C00323,2026-01-07,JUBILADO,Sistema de Pensiones,Transporte,Jubilado,177,7419.8,JUBILACION,Oruro,ACTIVO
C00324,2026-06-22,INDEPENDIENTE,Actividad independiente,Transporte,Consultor,212,13097.35,INDEPENDIENTE,Santa Cruz,ACTIVO
C00325,2026-01-19,DEPENDIENTE,Empresa 486,Transporte,Especialista,42,13586.16,TEMPORAL,Tarija,ACTIVO
C00326,2026-05-20,DEPENDIENTE,Empresa 528,Banca,Director,239,16766.08,TEMPORAL,Potosi,INACTIVO
C00327,2026-06-20,INDEPENDIENTE,Actividad independiente,Tecnologia,Profesional independiente,30,12111.93,INDEPENDIENTE,Santa Cruz,ACTIVO
C00328,2026-09-05,DEPENDIENTE,Empresa 439,Industria,Especialista,176,12524.53,TEMPORAL,La Paz,ACTIVO
C00329,2026-05-28,DEPENDIENTE,Empresa 804,Educacion,Consultor,194,10541.37,TEMPORAL,Sucre,ACTIVO
C00330,2026-01-07,DEPENDIENTE,Empresa 453,Transporte,Gerente,153,13201.78,TEMPORAL,La Paz,ACTIVO
C00331,2026-07-06,JUBILADO,Sistema de Pensiones,Construccion,Jubilado,32,7852.96,JUBILACION,Cochabamba,ACTIVO
C00332,2026-04-23,DEPENDIENTE,Empresa 199,Transporte,Vendedor,136,9985.35,INDEFINIDO,Cochabamba,ACTIVO
C00333,2026-01-28,DEPENDIENTE,Empresa 763,Construccion,Ingeniero,32,2850.07,TEMPORAL,Oruro,ACTIVO
C00334,2026-07-24,DEPENDIENTE,Empresa 337,Industria,Vendedor,87,11177.66,INDEFINIDO,Oruro,ACTIVO
C00335,2026-08-15,INDEPENDIENTE,Actividad independiente,Educacion,Profesional independiente,104,2864.9,INDEPENDIENTE,Sucre,ACTIVO
C00336,2026-07-27,DEPENDIENTE,Empresa 820,Comercio,Especialista,57,5689.66,TEMPORAL,Tarija,ACTIVO
C00337,2026-03-09,EMPRESARIO,Empresa PYME 216,Transporte,Director,96,13149.62,PROPIETARIO,Tarija,INACTIVO
C00338,2026-04-01,DEPENDIENTE,Empresa 456,Transporte,Supervisor,159,8584.43,PLAZO_FIJO,Tarija,ACTIVO
C00339,2026-06-22,INDEPENDIENTE,Actividad independiente,Construccion,Comerciante,238,10181.06,INDEPENDIENTE,Cochabamba,ACTIVO
C00340,2026-04-18,DEPENDIENTE,Empresa 497,Agricultura,Tecnico,98,13248.27,INDEFINIDO,Santa Cruz,ACTIVO
C00341,2026-05-23,DEPENDIENTE,Empresa 277,Construccion,Comerciante,165,10829.38,PLAZO_FIJO,Sucre,ACTIVO
C00342,2026-05-05,DEPENDIENTE,Empresa 109,Construccion,Ingeniero,161,3330.97,PLAZO_FIJO,Santa Cruz,ACTIVO
C00343,2026-04-17,JUBILADO,Sistema de Pensiones,Transporte,Jubilado,107,6855.94,JUBILACION,Sucre,ACTIVO
C00344,2026-03-15,DEPENDIENTE,Empresa 650,Construccion,Asistente,77,3006.77,INDEFINIDO,Potosi,ACTIVO
C00345,2026-01-30,INDEPENDIENTE,Actividad independiente,Salud,Profesional independiente,143,8885.07,INDEPENDIENTE,Potosi,ACTIVO
C00346,2026-05-20,JUBILADO,Sistema de Pensiones,Educacion,Jubilado,197,7089.07,JUBILACION,Sucre,ACTIVO
C00347,2026-03-09,EMPRESARIO,Empresa PYME 560,Tecnologia,Propietario,79,26870.25,PROPIETARIO,Potosi,ACTIVO
C00348,2026-07-08,DEPENDIENTE,Empresa 930,Agricultura,Asistente,201,15084.28,INDEFINIDO,Oruro,ACTIVO
C00349,2026-07-28,INDEPENDIENTE,Actividad independiente,Educacion,Comerciante,45,10201.89,INDEPENDIENTE,Potosi,ACTIVO
C00350,2026-03-16,DEPENDIENTE,Empresa 820,Salud,Ingeniero,155,10850.91,PLAZO_FIJO,Tarija,ACTIVO
C00351,2026-03-12,EMPRESARIO,Empresa PYME 160,Construccion,Director,37,29069.3,PROPIETARIO,Oruro,ACTIVO
C00352,2026-06-23,DEPENDIENTE,Empresa 963,Industria,Especialista,85,15341.47,TEMPORAL,Sucre,ACTIVO
C00353,2026-07-23,INDEPENDIENTE,Actividad independiente,Comercio,Profesional independiente,99,8149.9,INDEPENDIENTE,Sucre,ACTIVO
C00354,2026-01-01,DEPENDIENTE,Empresa 695,Comercio,Ingeniero,119,17228.94,PLAZO_FIJO,Oruro,INACTIVO
C00355,2026-04-12,INDEPENDIENTE,Actividad independiente,Educacion,Profesional independiente,220,3291.63,INDEPENDIENTE,Sucre,ACTIVO
C00356,2026-02-03,DEPENDIENTE,Empresa 691,Agricultura,Tecnico,215,6895.69,PLAZO_FIJO,Potosi,ACTIVO
C00357,2026-07-20,DEPENDIENTE,Empresa 741,Transporte,Supervisor,198,3250.34,TEMPORAL,La Paz,ACTIVO
C00358,2026-06-26,EMPRESARIO,Empresa PYME 307,Construccion,Director,119,5016.9,PROPIETARIO,Oruro,ACTIVO
C00359,2026-04-06,EMPRESARIO,Empresa PYME 184,Construccion,Director,26,21364.7,PROPIETARIO,La Paz,ACTIVO
C00360,2026-06-30,DEPENDIENTE,Empresa 193,Comercio,Comerciante,196,6129.23,TEMPORAL,La Paz,ACTIVO
C00361,2026-01-03,DEPENDIENTE,Empresa 109,Tecnologia,Vendedor,60,10551.39,TEMPORAL,Potosi,ACTIVO
C00362,2026-07-07,EMPRESARIO,Empresa PYME 191,Comercio,Director,125,6770.71,PROPIETARIO,La Paz,ACTIVO
C00363,2026-06-23,EMPRESARIO,Empresa PYME 756,Construccion,Propietario,100,24336.51,PROPIETARIO,La Paz,ACTIVO
C00364,2026-06-10,DEPENDIENTE,Empresa 318,Construccion,Director,45,9321.54,TEMPORAL,Sucre,ACTIVO
C00365,2026-02-01,DEPENDIENTE,Empresa 870,Agricultura,Gerente,25,16397.19,INDEFINIDO,Oruro,ACTIVO
C00366,2026-03-12,JUBILADO,Sistema de Pensiones,Comercio,Jubilado,205,3150.85,JUBILACION,Santa Cruz,ACTIVO
C00367,2026-08-06,DEPENDIENTE,Empresa 127,Salud,Director,75,14574.03,TEMPORAL,Santa Cruz,ACTIVO
C00368,2026-08-18,DEPENDIENTE,Empresa 902,Educacion,Analista,103,7080.9,TEMPORAL,Sucre,ACTIVO
C00369,2026-08-28,DEPENDIENTE,Empresa 469,Tecnologia,Analista,155,3600.69,TEMPORAL,Santa Cruz,ACTIVO
C00370,2026-05-01,EMPRESARIO,Empresa PYME 881,Comercio,Propietario,96,18658.91,PROPIETARIO,La Paz,ACTIVO
C00371,2026-05-10,DEPENDIENTE,Empresa 507,Salud,Especialista,13,16799.98,INDEFINIDO,Oruro,ACTIVO
C00372,2026-05-18,INDEPENDIENTE,Actividad independiente,Servicios,Profesional independiente,182,7528.47,INDEPENDIENTE,Tarija,ACTIVO
C00373,2026-05-18,DEPENDIENTE,Empresa 259,Tecnologia,Especialista,133,16774.34,INDEFINIDO,Sucre,ACTIVO
C00374,2026-09-02,INDEPENDIENTE,Actividad independiente,Educacion,Profesional independiente,82,11233.45,INDEPENDIENTE,La Paz,ACTIVO
C00375,2026-01-15,JUBILADO,Sistema de Pensiones,Salud,Jubilado,119,6363.62,JUBILACION,Oruro,ACTIVO
C00376,2026-01-03,INDEPENDIENTE,Actividad independiente,Construccion,Profesional independiente,6,11348.76,INDEPENDIENTE,Sucre,INACTIVO
C00377,2026-07-19,DEPENDIENTE,Empresa 867,Salud,Gerente,69,5087.93,TEMPORAL,Oruro,ACTIVO
C00378,2026-05-15,INDEPENDIENTE,Actividad independiente,Comercio,Consultor,88,12588.85,INDEPENDIENTE,Cochabamba,ACTIVO
C00379,2026-05-08,DEPENDIENTE,Empresa 156,Agricultura,Ingeniero,130,9555.57,INDEFINIDO,Santa Cruz,ACTIVO
C00380,2026-02-28,DEPENDIENTE,Empresa 218,Servicios,Director,231,11395.64,INDEFINIDO,La Paz,ACTIVO
C00381,2026-02-15,EMPRESARIO,Empresa PYME 253,Banca,Director,14,16794.11,PROPIETARIO,Tarija,ACTIVO
C00382,2026-08-23,INDEPENDIENTE,Actividad independiente,Tecnologia,Consultor,60,6522.53,INDEPENDIENTE,Cochabamba,ACTIVO
C00383,2026-02-27,DEPENDIENTE,Empresa 283,Servicios,Analista,131,12936.55,INDEFINIDO,La Paz,INACTIVO
C00384,2026-01-23,DEPENDIENTE,Empresa 435,Servicios,Contador,224,6875.76,PLAZO_FIJO,Sucre,ACTIVO
C00385,2026-04-29,DEPENDIENTE,Empresa 348,Tecnologia,Consultor,203,7210.59,TEMPORAL,Tarija,INACTIVO
C00386,2026-07-14,JUBILADO,Sistema de Pensiones,Educacion,Jubilado,190,8323.01,JUBILACION,Santa Cruz,ACTIVO
C00387,2026-01-03,DEPENDIENTE,Empresa 998,Tecnologia,Director,141,7869.57,INDEFINIDO,La Paz,ACTIVO
C00388,2026-03-02,DEPENDIENTE,Empresa 642,Industria,Asistente,189,7266.41,TEMPORAL,Sucre,INACTIVO
C00389,2026-01-12,JUBILADO,Sistema de Pensiones,Educacion,Jubilado,185,4102.81,JUBILACION,Potosi,ACTIVO
C00390,2026-05-29,INDEPENDIENTE,Actividad independiente,Comercio,Comerciante,120,14681.93,INDEPENDIENTE,Tarija,ACTIVO
C00391,2026-06-19,INDEPENDIENTE,Actividad independiente,Construccion,Consultor,154,9597.76,INDEPENDIENTE,Santa Cruz,ACTIVO
C00392,2026-04-26,EMPRESARIO,Empresa PYME 425,Salud,Director,182,25797.5,PROPIETARIO,Santa Cruz,ACTIVO
C00393,2026-04-30,DEPENDIENTE,Empresa 560,Tecnologia,Gerente,30,4908.86,TEMPORAL,Sucre,ACTIVO
C00394,2026-01-31,DEPENDIENTE,Empresa 972,Comercio,Contador,118,7278.77,INDEFINIDO,Santa Cruz,ACTIVO
C00395,2026-08-08,DEPENDIENTE,Empresa 955,Tecnologia,Asistente,181,11851.19,TEMPORAL,Santa Cruz,ACTIVO
C00396,2026-03-08,DEPENDIENTE,Empresa 406,Construccion,Comerciante,104,10458.62,PLAZO_FIJO,La Paz,INACTIVO
C00397,2026-01-04,EMPRESARIO,Empresa PYME 224,Banca,Propietario,27,16551.08,PROPIETARIO,Potosi,ACTIVO
C00398,2026-08-29,DEPENDIENTE,Empresa 745,Comercio,Comerciante,213,8709.02,INDEFINIDO,Tarija,ACTIVO
C00399,2026-04-24,EMPRESARIO,Empresa PYME 761,Construccion,Propietario,8,29929.04,PROPIETARIO,La Paz,ACTIVO
C00400,2026-02-13,EMPRESARIO,Empresa PYME 151,Agricultura,Director,34,6067.41,PROPIETARIO,Sucre,ACTIVO
C00401,2026-02-24,DEPENDIENTE,Empresa 462,Construccion,Gerente,100,13089.8,INDEFINIDO,Cochabamba,ACTIVO
C00402,2026-03-17,EMPRESARIO,Empresa PYME 762,Transporte,Propietario,160,20479.41,PROPIETARIO,Sucre,ACTIVO
C00403,2026-06-14,DEPENDIENTE,Empresa 304,Servicios,Administrador,74,8436.74,INDEFINIDO,Santa Cruz,ACTIVO
C00404,2026-05-03,INDEPENDIENTE,Actividad independiente,Servicios,Consultor,100,12273.95,INDEPENDIENTE,Potosi,ACTIVO
C00405,2026-06-02,EMPRESARIO,Empresa PYME 426,Educacion,Propietario,102,11760.89,PROPIETARIO,La Paz,ACTIVO
C00406,2026-04-02,INDEPENDIENTE,Actividad independiente,Agricultura,Profesional independiente,210,14894.14,INDEPENDIENTE,Santa Cruz,INACTIVO
C00407,2026-01-15,DEPENDIENTE,Empresa 854,Educacion,Especialista,64,6631.17,TEMPORAL,Tarija,ACTIVO
C00408,2026-02-15,INDEPENDIENTE,Actividad independiente,Educacion,Comerciante,217,14894.27,INDEPENDIENTE,Tarija,ACTIVO
C00409,2026-06-29,INDEPENDIENTE,Actividad independiente,Tecnologia,Profesional independiente,236,9894.53,INDEPENDIENTE,Tarija,ACTIVO
C00410,2026-03-21,DEPENDIENTE,Empresa 655,Construccion,Vendedor,217,17814.1,INDEFINIDO,Sucre,ACTIVO
C00411,2026-03-26,DEPENDIENTE,Empresa 100,Agricultura,Vendedor,59,2808.88,TEMPORAL,Santa Cruz,ACTIVO
C00412,2026-01-06,DEPENDIENTE,Empresa 160,Construccion,Ingeniero,238,14937.58,INDEFINIDO,Tarija,ACTIVO
C00413,2026-04-06,DEPENDIENTE,Empresa 174,Industria,Ingeniero,219,10657.57,INDEFINIDO,Tarija,ACTIVO
C00414,2026-06-13,DEPENDIENTE,Empresa 910,Transporte,Administrador,43,13851.46,INDEFINIDO,Oruro,ACTIVO
C00415,2026-04-07,INDEPENDIENTE,Actividad independiente,Salud,Comerciante,60,10819.15,INDEPENDIENTE,Oruro,ACTIVO
C00416,2026-08-06,DEPENDIENTE,Empresa 500,Agricultura,Consultor,3,17206.22,TEMPORAL,La Paz,ACTIVO
C00417,2026-02-06,DEPENDIENTE,Empresa 608,Tecnologia,Supervisor,59,12414.52,TEMPORAL,Oruro,ACTIVO
C00418,2026-07-01,DEPENDIENTE,Empresa 941,Tecnologia,Supervisor,45,12360.89,PLAZO_FIJO,Sucre,ACTIVO
C00419,2026-07-04,DEPENDIENTE,Empresa 210,Banca,Especialista,20,7932.46,TEMPORAL,La Paz,ACTIVO
C00420,2026-03-31,INDEPENDIENTE,Actividad independiente,Servicios,Consultor,229,7675.24,INDEPENDIENTE,Sucre,ACTIVO
C00421,2026-04-26,DEPENDIENTE,Empresa 266,Comercio,Asistente,169,14252.77,TEMPORAL,Potosi,ACTIVO
C00422,2026-02-13,DEPENDIENTE,Empresa 450,Industria,Supervisor,69,17250.76,PLAZO_FIJO,Santa Cruz,ACTIVO
C00423,2026-06-30,DEPENDIENTE,Empresa 594,Banca,Consultor,89,11707.47,INDEFINIDO,Sucre,INACTIVO
C00424,2026-09-07,DEPENDIENTE,Empresa 310,Educacion,Ingeniero,43,3330.11,PLAZO_FIJO,Sucre,ACTIVO
C00425,2026-01-25,INDEPENDIENTE,Actividad independiente,Banca,Comerciante,172,6019.04,INDEPENDIENTE,Sucre,ACTIVO
C00426,2026-03-17,EMPRESARIO,Empresa PYME 189,Agricultura,Director,16,14020.72,PROPIETARIO,Sucre,ACTIVO
C00427,2026-08-05,DEPENDIENTE,Empresa 584,Comercio,Supervisor,166,7023.08,INDEFINIDO,Cochabamba,ACTIVO
C00428,2026-02-17,DEPENDIENTE,Empresa 496,Tecnologia,Tecnico,70,3912.62,TEMPORAL,Sucre,ACTIVO
C00429,2026-03-10,DEPENDIENTE,Empresa 957,Agricultura,Asistente,115,9708.4,PLAZO_FIJO,La Paz,ACTIVO
C00430,2026-04-16,INDEPENDIENTE,Actividad independiente,Agricultura,Profesional independiente,24,10851.76,INDEPENDIENTE,Santa Cruz,ACTIVO
C00431,2026-08-14,EMPRESARIO,Empresa PYME 686,Educacion,Director,140,22176.7,PROPIETARIO,Sucre,ACTIVO
C00432,2026-05-27,DEPENDIENTE,Empresa 919,Agricultura,Tecnico,11,10282.57,TEMPORAL,Santa Cruz,ACTIVO
C00433,2026-02-02,INDEPENDIENTE,Actividad independiente,Banca,Comerciante,45,14652.06,INDEPENDIENTE,Sucre,ACTIVO
C00434,2026-03-08,INDEPENDIENTE,Actividad independiente,Tecnologia,Profesional independiente,213,10340.33,INDEPENDIENTE,Oruro,ACTIVO
C00435,2026-03-12,DEPENDIENTE,Empresa 977,Servicios,Ingeniero,145,8659.0,PLAZO_FIJO,Sucre,ACTIVO
C00436,2026-01-29,DEPENDIENTE,Empresa 529,Industria,Especialista,162,11607.43,TEMPORAL,Santa Cruz,ACTIVO
C00437,2026-07-21,DEPENDIENTE,Empresa 203,Salud,Especialista,239,4137.34,INDEFINIDO,Potosi,ACTIVO
C00438,2026-06-05,DEPENDIENTE,Empresa 685,Transporte,Vendedor,70,8437.17,PLAZO_FIJO,La Paz,ACTIVO
C00439,2026-04-12,DEPENDIENTE,Empresa 139,Tecnologia,Administrador,158,13052.6,TEMPORAL,Oruro,ACTIVO
C00440,2026-07-29,INDEPENDIENTE,Actividad independiente,Salud,Consultor,232,7155.51,INDEPENDIENTE,Cochabamba,ACTIVO
C00441,2026-03-18,DEPENDIENTE,Empresa 237,Transporte,Asistente,178,4022.37,TEMPORAL,Potosi,ACTIVO
C00442,2026-02-24,DEPENDIENTE,Empresa 552,Industria,Asistente,157,12506.1,PLAZO_FIJO,Oruro,ACTIVO
C00443,2026-01-17,DEPENDIENTE,Empresa 262,Salud,Especialista,213,3371.19,PLAZO_FIJO,Oruro,ACTIVO
C00444,2026-08-13,DEPENDIENTE,Empresa 297,Educacion,Gerente,228,11314.42,TEMPORAL,Potosi,ACTIVO
C00445,2026-04-05,DEPENDIENTE,Empresa 380,Transporte,Asistente,238,8085.81,INDEFINIDO,Tarija,ACTIVO
C00446,2026-06-02,JUBILADO,Sistema de Pensiones,Transporte,Jubilado,64,4732.77,JUBILACION,Santa Cruz,INACTIVO
C00447,2026-08-01,DEPENDIENTE,Empresa 866,Comercio,Contador,92,7835.86,TEMPORAL,Cochabamba,ACTIVO
C00448,2026-02-27,DEPENDIENTE,Empresa 762,Educacion,Asistente,202,17456.22,TEMPORAL,Cochabamba,ACTIVO
C00449,2026-02-14,DEPENDIENTE,Empresa 762,Agricultura,Gerente,5,9848.51,TEMPORAL,Potosi,ACTIVO
C00450,2026-04-19,DEPENDIENTE,Empresa 381,Industria,Comerciante,185,17488.88,PLAZO_FIJO,Potosi,ACTIVO
C00451,2026-05-30,DEPENDIENTE,Empresa 506,Comercio,Consultor,80,12996.54,PLAZO_FIJO,La Paz,ACTIVO
C00452,2026-03-14,INDEPENDIENTE,Actividad independiente,Salud,Profesional independiente,146,10591.78,INDEPENDIENTE,Oruro,ACTIVO
C00453,2026-06-17,DEPENDIENTE,Empresa 367,Salud,Contador,166,7539.62,PLAZO_FIJO,Santa Cruz,ACTIVO
C00454,2026-04-14,INDEPENDIENTE,Actividad independiente,Tecnologia,Profesional independiente,209,13216.44,INDEPENDIENTE,Oruro,ACTIVO
C00455,2026-04-10,DEPENDIENTE,Empresa 514,Banca,Administrador,78,6521.11,PLAZO_FIJO,Tarija,ACTIVO
C00456,2026-05-17,DEPENDIENTE,Empresa 802,Transporte,Asistente,90,13761.52,INDEFINIDO,Oruro,ACTIVO
C00457,2026-03-17,DEPENDIENTE,Empresa 285,Comercio,Tecnico,218,12693.03,INDEFINIDO,Sucre,ACTIVO
C00458,2026-06-17,DEPENDIENTE,Empresa 443,Comercio,Comerciante,198,16645.68,TEMPORAL,Santa Cruz,ACTIVO
C00459,2026-04-06,INDEPENDIENTE,Actividad independiente,Salud,Consultor,110,12351.13,INDEPENDIENTE,Tarija,ACTIVO
C00460,2026-08-30,EMPRESARIO,Empresa PYME 694,Agricultura,Gerente,16,26659.83,PROPIETARIO,La Paz,ACTIVO
C00461,2026-04-16,DEPENDIENTE,Empresa 405,Banca,Tecnico,225,13050.82,INDEFINIDO,Potosi,ACTIVO
C00462,2026-02-06,DEPENDIENTE,Empresa 568,Tecnologia,Consultor,90,8842.47,INDEFINIDO,Potosi,ACTIVO
C00463,2026-03-22,INDEPENDIENTE,Actividad independiente,Banca,Comerciante,88,10387.91,INDEPENDIENTE,La Paz,ACTIVO
C00464,2026-07-15,DEPENDIENTE,Empresa 904,Comercio,Vendedor,150,14349.5,INDEFINIDO,Santa Cruz,ACTIVO
C00465,2026-01-02,INDEPENDIENTE,Actividad independiente,Banca,Consultor,112,14566.6,INDEPENDIENTE,Tarija,ACTIVO
C00466,2026-01-05,DEPENDIENTE,Empresa 295,Banca,Tecnico,231,7494.3,INDEFINIDO,Oruro,ACTIVO
C00467,2026-05-31,DEPENDIENTE,Empresa 615,Salud,Administrador,82,4498.43,PLAZO_FIJO,Santa Cruz,ACTIVO
C00468,2026-03-28,DEPENDIENTE,Empresa 636,Industria,Consultor,119,13781.39,PLAZO_FIJO,Oruro,INACTIVO
C00469,2026-04-14,DEPENDIENTE,Empresa 931,Banca,Gerente,94,14126.79,PLAZO_FIJO,Santa Cruz,ACTIVO
C00470,2026-05-10,JUBILADO,Sistema de Pensiones,Construccion,Jubilado,190,2349.01,JUBILACION,La Paz,ACTIVO
C00471,2026-07-17,INDEPENDIENTE,Actividad independiente,Servicios,Consultor,99,13456.8,INDEPENDIENTE,Tarija,ACTIVO
C00472,2026-01-13,JUBILADO,Sistema de Pensiones,Comercio,Jubilado,170,7885.62,JUBILACION,Sucre,ACTIVO
C00473,2026-06-25,DEPENDIENTE,Empresa 811,Banca,Asistente,124,13378.96,PLAZO_FIJO,Cochabamba,ACTIVO
C00474,2026-04-18,DEPENDIENTE,Empresa 240,Comercio,Director,72,12153.37,TEMPORAL,Tarija,ACTIVO
C00475,2026-02-21,DEPENDIENTE,Empresa 723,Salud,Asistente,203,4147.09,INDEFINIDO,Potosi,ACTIVO
C00476,2026-05-08,DEPENDIENTE,Empresa 661,Educacion,Analista,107,7077.94,TEMPORAL,Oruro,ACTIVO
C00477,2026-05-27,DEPENDIENTE,Empresa 955,Transporte,Supervisor,6,12910.31,INDEFINIDO,Santa Cruz,INACTIVO
C00478,2026-06-14,INDEPENDIENTE,Actividad independiente,Educacion,Consultor,188,11544.7,INDEPENDIENTE,Sucre,INACTIVO
C00479,2026-01-11,DEPENDIENTE,Empresa 995,Salud,Gerente,15,4047.04,PLAZO_FIJO,Cochabamba,ACTIVO
C00480,2026-01-03,DEPENDIENTE,Empresa 146,Construccion,Especialista,32,3972.48,TEMPORAL,Oruro,ACTIVO
C00481,2026-04-06,DEPENDIENTE,Empresa 195,Tecnologia,Director,162,6658.8,PLAZO_FIJO,Santa Cruz,ACTIVO
C00482,2026-05-03,DEPENDIENTE,Empresa 971,Industria,Director,72,15453.48,PLAZO_FIJO,Oruro,ACTIVO
C00483,2026-04-17,DEPENDIENTE,Empresa 206,Agricultura,Gerente,181,13759.37,INDEFINIDO,Sucre,ACTIVO
C00484,2026-06-06,INDEPENDIENTE,Actividad independiente,Banca,Consultor,159,7246.88,INDEPENDIENTE,Potosi,ACTIVO
C00485,2026-04-23,EMPRESARIO,Empresa PYME 521,Banca,Propietario,126,28009.95,PROPIETARIO,La Paz,ACTIVO
C00486,2026-05-28,DEPENDIENTE,Empresa 861,Agricultura,Especialista,225,13007.9,TEMPORAL,Santa Cruz,INACTIVO
C00487,2026-06-08,INDEPENDIENTE,Actividad independiente,Comercio,Profesional independiente,135,9038.79,INDEPENDIENTE,Sucre,ACTIVO
C00488,2026-08-03,DEPENDIENTE,Empresa 252,Servicios,Administrador,172,12982.58,PLAZO_FIJO,Tarija,ACTIVO
C00489,2026-08-11,INDEPENDIENTE,Actividad independiente,Construccion,Consultor,132,13110.57,INDEPENDIENTE,La Paz,ACTIVO
C00490,2026-06-14,DEPENDIENTE,Empresa 663,Industria,Asistente,74,3280.44,PLAZO_FIJO,Sucre,ACTIVO
C00491,2026-05-08,DEPENDIENTE,Empresa 977,Transporte,Supervisor,208,11382.04,PLAZO_FIJO,Cochabamba,ACTIVO
C00492,2026-05-23,DEPENDIENTE,Empresa 136,Servicios,Administrador,7,4090.97,TEMPORAL,La Paz,ACTIVO
C00493,2026-06-17,INDEPENDIENTE,Actividad independiente,Transporte,Comerciante,230,8854.22,INDEPENDIENTE,Cochabamba,ACTIVO
C00494,2026-06-08,DEPENDIENTE,Empresa 885,Agricultura,Tecnico,219,9544.13,INDEFINIDO,Sucre,ACTIVO
C00495,2026-01-01,DEPENDIENTE,Empresa 327,Tecnologia,Comerciante,32,4010.27,PLAZO_FIJO,Cochabamba,ACTIVO
C00496,2026-06-29,JUBILADO,Sistema de Pensiones,Comercio,Jubilado,143,5749.5,JUBILACION,La Paz,ACTIVO
C00497,2026-06-06,DEPENDIENTE,Empresa 360,Educacion,Supervisor,193,13684.17,TEMPORAL,Santa Cruz,ACTIVO
C00498,2026-03-28,EMPRESARIO,Empresa PYME 833,Comercio,Propietario,120,25613.85,PROPIETARIO,Potosi,ACTIVO
C00499,2026-04-28,JUBILADO,Sistema de Pensiones,Agricultura,Jubilado,200,8263.93,JUBILACION,Tarija,ACTIVO
C00500,2026-05-30,DEPENDIENTE,Empresa 958,Transporte,Administrador,191,3252.86,TEMPORAL,Tarija,ACTIVO
C00501,2026-06-18,EMPRESARIO,Empresa PYME 496,Agricultura,Propietario,190,25381.1,PROPIETARIO,Tarija,ACTIVO
C00502,2026-03-05,DEPENDIENTE,Empresa 880,Salud,Director,110,17682.26,PLAZO_FIJO,Sucre,INACTIVO
C00503,2026-04-16,JUBILADO,Sistema de Pensiones,Agricultura,Jubilado,209,3106.93,JUBILACION,Oruro,ACTIVO
C00504,2026-08-28,DEPENDIENTE,Empresa 854,Servicios,Director,143,15840.97,TEMPORAL,Oruro,ACTIVO
C00505,2026-07-01,DEPENDIENTE,Empresa 235,Construccion,Comerciante,77,13142.48,TEMPORAL,Tarija,ACTIVO
C00506,2026-05-30,INDEPENDIENTE,Actividad independiente,Agricultura,Consultor,197,6902.97,INDEPENDIENTE,Oruro,ACTIVO
C00507,2026-05-14,INDEPENDIENTE,Actividad independiente,Comercio,Comerciante,227,13091.26,INDEPENDIENTE,La Paz,ACTIVO
C00508,2026-03-15,DEPENDIENTE,Empresa 264,Salud,Especialista,54,6638.16,INDEFINIDO,Santa Cruz,ACTIVO
C00509,2026-04-02,INDEPENDIENTE,Actividad independiente,Transporte,Comerciante,55,11919.92,INDEPENDIENTE,La Paz,ACTIVO
C00510,2026-03-02,INDEPENDIENTE,Actividad independiente,Servicios,Consultor,193,10588.99,INDEPENDIENTE,Potosi,ACTIVO
C00511,2026-09-02,INDEPENDIENTE,Actividad independiente,Tecnologia,Consultor,240,7269.78,INDEPENDIENTE,Tarija,ACTIVO
C00512,2026-08-01,INDEPENDIENTE,Actividad independiente,Educacion,Consultor,161,13360.62,INDEPENDIENTE,Oruro,ACTIVO
C00513,2026-03-17,INDEPENDIENTE,Actividad independiente,Transporte,Comerciante,201,11561.43,INDEPENDIENTE,Santa Cruz,INACTIVO
C00514,2026-04-20,DEPENDIENTE,Empresa 141,Salud,Administrador,191,10464.63,INDEFINIDO,Tarija,ACTIVO
C00515,2026-01-11,DEPENDIENTE,Empresa 258,Construccion,Director,4,7623.72,PLAZO_FIJO,Cochabamba,ACTIVO
C00516,2026-04-02,INDEPENDIENTE,Actividad independiente,Comercio,Profesional independiente,128,12373.85,INDEPENDIENTE,Potosi,ACTIVO
C00517,2026-04-17,DEPENDIENTE,Empresa 263,Servicios,Tecnico,136,3556.74,INDEFINIDO,Tarija,ACTIVO
C00518,2026-02-25,DEPENDIENTE,Empresa 400,Agricultura,Ingeniero,172,7644.19,INDEFINIDO,Tarija,ACTIVO
C00519,2026-03-03,DEPENDIENTE,Empresa 556,Agricultura,Ingeniero,5,4278.19,TEMPORAL,Tarija,ACTIVO
C00520,2026-03-07,DEPENDIENTE,Empresa 495,Servicios,Supervisor,100,16696.95,PLAZO_FIJO,Oruro,ACTIVO
C00521,2026-01-12,EMPRESARIO,Empresa PYME 598,Salud,Director,134,25070.42,PROPIETARIO,Oruro,ACTIVO
C00522,2026-05-17,DEPENDIENTE,Empresa 650,Banca,Especialista,45,17560.25,INDEFINIDO,Oruro,ACTIVO
C00523,2026-02-22,INDEPENDIENTE,Actividad independiente,Servicios,Comerciante,224,11067.56,INDEPENDIENTE,Potosi,ACTIVO
C00524,2026-01-19,JUBILADO,Sistema de Pensiones,Construccion,Jubilado,168,7753.93,JUBILACION,La Paz,ACTIVO
C00525,2026-05-23,DEPENDIENTE,Empresa 357,Comercio,Especialista,21,3341.16,INDEFINIDO,Tarija,ACTIVO
C00526,2026-03-22,EMPRESARIO,Empresa PYME 543,Banca,Director,102,16278.14,PROPIETARIO,Sucre,ACTIVO
C00527,2026-05-30,DEPENDIENTE,Empresa 863,Banca,Especialista,187,12084.42,TEMPORAL,Oruro,ACTIVO
C00528,2026-06-05,DEPENDIENTE,Empresa 408,Comercio,Comerciante,30,6992.47,TEMPORAL,Cochabamba,ACTIVO
C00529,2026-05-17,DEPENDIENTE,Empresa 260,Educacion,Vendedor,213,12741.21,PLAZO_FIJO,Santa Cruz,ACTIVO
C00530,2026-08-16,INDEPENDIENTE,Actividad independiente,Tecnologia,Profesional independiente,165,4300.94,INDEPENDIENTE,La Paz,ACTIVO
C00531,2026-05-18,DEPENDIENTE,Empresa 503,Servicios,Consultor,13,2577.96,INDEFINIDO,La Paz,ACTIVO
C00532,2026-08-06,INDEPENDIENTE,Actividad independiente,Servicios,Profesional independiente,57,7658.18,INDEPENDIENTE,Santa Cruz,ACTIVO
C00533,2026-05-26,DEPENDIENTE,Empresa 918,Banca,Comerciante,52,4276.65,PLAZO_FIJO,Potosi,ACTIVO
C00534,2026-03-16,JUBILADO,Sistema de Pensiones,Comercio,Jubilado,168,5937.72,JUBILACION,Cochabamba,ACTIVO
C00535,2026-06-17,INDEPENDIENTE,Actividad independiente,Educacion,Profesional independiente,87,6964.23,INDEPENDIENTE,La Paz,ACTIVO
C00536,2026-06-18,DEPENDIENTE,Empresa 731,Salud,Ingeniero,84,10030.85,INDEFINIDO,Oruro,ACTIVO
C00537,2026-01-02,DEPENDIENTE,Empresa 272,Tecnologia,Administrador,209,7403.16,PLAZO_FIJO,Santa Cruz,ACTIVO
C00538,2026-06-23,INDEPENDIENTE,Actividad independiente,Tecnologia,Comerciante,73,13001.38,INDEPENDIENTE,Sucre,ACTIVO
C00539,2026-06-05,DEPENDIENTE,Empresa 761,Comercio,Gerente,127,11050.91,PLAZO_FIJO,Potosi,ACTIVO
C00540,2026-07-06,EMPRESARIO,Empresa PYME 178,Comercio,Gerente,70,23338.62,PROPIETARIO,La Paz,ACTIVO
C00541,2026-05-22,INDEPENDIENTE,Actividad independiente,Salud,Comerciante,199,9875.45,INDEPENDIENTE,Tarija,ACTIVO
C00542,2026-08-17,DEPENDIENTE,Empresa 328,Agricultura,Administrador,201,4803.81,TEMPORAL,Oruro,ACTIVO
C00543,2026-01-03,DEPENDIENTE,Empresa 614,Educacion,Ingeniero,133,3903.59,TEMPORAL,Potosi,INACTIVO
C00544,2026-04-25,JUBILADO,Sistema de Pensiones,Construccion,Jubilado,196,5696.13,JUBILACION,Santa Cruz,ACTIVO
C00545,2026-02-26,DEPENDIENTE,Empresa 141,Transporte,Ingeniero,191,13846.07,INDEFINIDO,Santa Cruz,ACTIVO
C00546,2026-04-10,DEPENDIENTE,Empresa 469,Transporte,Especialista,174,5705.0,INDEFINIDO,Sucre,ACTIVO
C00547,2026-08-01,DEPENDIENTE,Empresa 748,Salud,Tecnico,85,4099.99,TEMPORAL,Potosi,ACTIVO
C00548,2026-05-31,DEPENDIENTE,Empresa 474,Comercio,Administrador,47,8338.22,TEMPORAL,Tarija,ACTIVO
C00549,2026-07-29,JUBILADO,Sistema de Pensiones,Tecnologia,Jubilado,135,4959.73,JUBILACION,Sucre,ACTIVO
C00550,2026-02-28,EMPRESARIO,Empresa PYME 269,Comercio,Director,131,27050.86,PROPIETARIO,Tarija,ACTIVO
C00551,2026-01-31,DEPENDIENTE,Empresa 936,Educacion,Director,43,8114.46,INDEFINIDO,Sucre,ACTIVO
C00552,2026-06-01,INDEPENDIENTE,Actividad independiente,Construccion,Comerciante,175,8485.18,INDEPENDIENTE,Oruro,ACTIVO
C00553,2026-06-11,DEPENDIENTE,Empresa 237,Servicios,Gerente,35,11389.04,INDEFINIDO,La Paz,ACTIVO
C00554,2026-06-03,DEPENDIENTE,Empresa 515,Agricultura,Tecnico,69,16797.93,INDEFINIDO,Oruro,ACTIVO
C00555,2026-05-01,INDEPENDIENTE,Actividad independiente,Transporte,Profesional independiente,24,5207.42,INDEPENDIENTE,Santa Cruz,ACTIVO
C00556,2026-06-09,DEPENDIENTE,Empresa 286,Servicios,Especialista,206,11531.02,INDEFINIDO,Cochabamba,ACTIVO
C00557,2026-04-07,INDEPENDIENTE,Actividad independiente,Industria,Comerciante,155,9882.45,INDEPENDIENTE,Santa Cruz,ACTIVO
C00558,2026-01-25,DEPENDIENTE,Empresa 720,Construccion,Gerente,178,9006.82,TEMPORAL,Sucre,ACTIVO
C00559,2026-06-18,DEPENDIENTE,Empresa 593,Construccion,Supervisor,131,14161.94,TEMPORAL,Tarija,ACTIVO
C00560,2026-08-12,DEPENDIENTE,Empresa 479,Banca,Administrador,169,9188.2,TEMPORAL,Oruro,ACTIVO
C00561,2026-07-25,DEPENDIENTE,Empresa 703,Agricultura,Ingeniero,205,14414.41,PLAZO_FIJO,La Paz,ACTIVO
C00562,2026-08-13,DEPENDIENTE,Empresa 712,Servicios,Contador,235,15815.33,INDEFINIDO,Sucre,ACTIVO
C00563,2026-05-14,DEPENDIENTE,Empresa 220,Banca,Tecnico,205,2610.27,TEMPORAL,Sucre,ACTIVO
C00564,2026-04-20,INDEPENDIENTE,Actividad independiente,Agricultura,Comerciante,107,7028.37,INDEPENDIENTE,Cochabamba,ACTIVO
C00565,2026-07-13,DEPENDIENTE,Empresa 506,Educacion,Comerciante,96,11984.15,TEMPORAL,Sucre,ACTIVO
C00566,2026-03-20,DEPENDIENTE,Empresa 359,Agricultura,Vendedor,97,11165.95,INDEFINIDO,Cochabamba,ACTIVO
C00567,2026-02-28,DEPENDIENTE,Empresa 865,Transporte,Supervisor,221,15889.37,INDEFINIDO,Potosi,ACTIVO
C00568,2026-05-21,DEPENDIENTE,Empresa 920,Agricultura,Ingeniero,133,8708.69,INDEFINIDO,Oruro,ACTIVO
C00569,2026-02-07,DEPENDIENTE,Empresa 943,Transporte,Supervisor,165,2582.0,PLAZO_FIJO,Tarija,ACTIVO
C00570,2026-04-09,DEPENDIENTE,Empresa 841,Industria,Analista,97,3740.62,INDEFINIDO,Tarija,ACTIVO
C00571,2026-05-07,DEPENDIENTE,Empresa 755,Transporte,Gerente,17,17158.6,TEMPORAL,La Paz,ACTIVO
C00572,2026-05-11,INDEPENDIENTE,Actividad independiente,Servicios,Profesional independiente,52,2920.12,INDEPENDIENTE,Oruro,ACTIVO
C00573,2026-01-23,DEPENDIENTE,Empresa 261,Salud,Analista,95,6208.48,INDEFINIDO,Potosi,ACTIVO
C00574,2026-07-08,INDEPENDIENTE,Actividad independiente,Comercio,Comerciante,153,5003.88,INDEPENDIENTE,La Paz,ACTIVO
C00575,2026-02-27,INDEPENDIENTE,Actividad independiente,Agricultura,Consultor,91,14541.1,INDEPENDIENTE,Santa Cruz,ACTIVO
C00576,2026-05-24,DEPENDIENTE,Empresa 209,Comercio,Tecnico,69,5213.04,INDEFINIDO,Tarija,ACTIVO
C00577,2026-07-23,JUBILADO,Sistema de Pensiones,Agricultura,Jubilado,227,5857.74,JUBILACION,Cochabamba,ACTIVO
C00578,2026-03-28,JUBILADO,Sistema de Pensiones,Transporte,Jubilado,200,3854.26,JUBILACION,Oruro,ACTIVO
C00579,2026-06-12,DEPENDIENTE,Empresa 491,Educacion,Supervisor,126,4302.16,INDEFINIDO,Oruro,ACTIVO
C00580,2026-06-29,INDEPENDIENTE,Actividad independiente,Salud,Comerciante,93,8956.3,INDEPENDIENTE,Santa Cruz,ACTIVO
C00581,2026-05-02,DEPENDIENTE,Empresa 282,Tecnologia,Tecnico,213,7800.89,TEMPORAL,Cochabamba,ACTIVO
C00582,2026-07-08,DEPENDIENTE,Empresa 610,Educacion,Asistente,194,13088.16,INDEFINIDO,Santa Cruz,ACTIVO
C00583,2026-06-08,EMPRESARIO,Empresa PYME 956,Tecnologia,Propietario,61,10069.16,PROPIETARIO,Santa Cruz,ACTIVO
C00584,2026-01-02,DEPENDIENTE,Empresa 728,Servicios,Vendedor,176,17314.59,INDEFINIDO,La Paz,ACTIVO
C00585,2026-03-12,DEPENDIENTE,Empresa 989,Transporte,Consultor,129,16420.88,PLAZO_FIJO,Santa Cruz,INACTIVO
C00586,2026-01-14,EMPRESARIO,Empresa PYME 231,Servicios,Gerente,104,10552.32,PROPIETARIO,Potosi,ACTIVO
C00587,2026-08-09,JUBILADO,Sistema de Pensiones,Construccion,Jubilado,131,4561.56,JUBILACION,Sucre,INACTIVO
C00588,2026-06-22,INDEPENDIENTE,Actividad independiente,Educacion,Comerciante,83,11115.13,INDEPENDIENTE,Sucre,ACTIVO
C00589,2026-03-02,DEPENDIENTE,Empresa 369,Salud,Tecnico,223,6525.36,TEMPORAL,Sucre,INACTIVO
C00590,2026-07-12,DEPENDIENTE,Empresa 817,Tecnologia,Administrador,130,9071.11,INDEFINIDO,Cochabamba,ACTIVO
C00591,2026-02-28,DEPENDIENTE,Empresa 802,Comercio,Consultor,149,4532.66,INDEFINIDO,Oruro,ACTIVO
C00592,2026-09-03,DEPENDIENTE,Empresa 919,Construccion,Gerente,222,8403.69,PLAZO_FIJO,Sucre,ACTIVO
C00593,2026-05-17,DEPENDIENTE,Empresa 629,Tecnologia,Comerciante,37,17931.21,PLAZO_FIJO,Potosi,ACTIVO
C00594,2026-01-16,DEPENDIENTE,Empresa 267,Educacion,Director,15,8675.23,TEMPORAL,Potosi,ACTIVO
C00595,2026-04-03,EMPRESARIO,Empresa PYME 469,Servicios,Director,118,23614.83,PROPIETARIO,Tarija,ACTIVO
C00596,2026-02-20,DEPENDIENTE,Empresa 720,Agricultura,Comerciante,108,4379.18,INDEFINIDO,Tarija,ACTIVO
C00597,2026-07-18,DEPENDIENTE,Empresa 599,Transporte,Tecnico,93,7538.9,PLAZO_FIJO,La Paz,ACTIVO
C00598,2026-08-26,DEPENDIENTE,Empresa 927,Tecnologia,Comerciante,40,15957.99,TEMPORAL,Sucre,ACTIVO
C00599,2026-03-23,DEPENDIENTE,Empresa 421,Salud,Asistente,23,5010.99,INDEFINIDO,Oruro,ACTIVO
C00600,2026-07-11,INDEPENDIENTE,Actividad independiente,Agricultura,Consultor,230,8061.23,INDEPENDIENTE,Tarija,INACTIVO
C00601,2026-06-19,DEPENDIENTE,Empresa 340,Salud,Director,221,2858.07,INDEFINIDO,Oruro,ACTIVO
C00602,2026-05-02,DEPENDIENTE,Empresa 999,Servicios,Supervisor,104,4096.64,INDEFINIDO,La Paz,ACTIVO
C00603,2026-06-17,DEPENDIENTE,Empresa 186,Industria,Gerente,29,6568.01,INDEFINIDO,Cochabamba,ACTIVO
C00604,2026-08-03,INDEPENDIENTE,Actividad independiente,Construccion,Profesional independiente,163,4080.15,INDEPENDIENTE,La Paz,ACTIVO
C00605,2026-05-21,DEPENDIENTE,Empresa 378,Transporte,Tecnico,224,9880.4,PLAZO_FIJO,Santa Cruz,INACTIVO
C00606,2026-07-11,INDEPENDIENTE,Actividad independiente,Agricultura,Profesional independiente,154,9969.8,INDEPENDIENTE,Sucre,ACTIVO
C00607,2026-02-28,INDEPENDIENTE,Actividad independiente,Comercio,Profesional independiente,235,6839.6,INDEPENDIENTE,Sucre,ACTIVO
C00608,2026-07-14,DEPENDIENTE,Empresa 934,Construccion,Tecnico,80,2663.62,INDEFINIDO,Cochabamba,ACTIVO
C00609,2026-03-18,DEPENDIENTE,Empresa 588,Banca,Especialista,239,10124.94,TEMPORAL,Potosi,ACTIVO
C00610,2026-04-16,DEPENDIENTE,Empresa 293,Servicios,Ingeniero,206,2611.88,INDEFINIDO,Sucre,ACTIVO
C00611,2026-03-09,DEPENDIENTE,Empresa 325,Comercio,Administrador,168,8540.71,TEMPORAL,Sucre,ACTIVO
C00612,2026-06-16,DEPENDIENTE,Empresa 391,Servicios,Contador,209,13255.83,TEMPORAL,Potosi,ACTIVO
C00613,2026-04-27,DEPENDIENTE,Empresa 752,Agricultura,Supervisor,49,4617.67,INDEFINIDO,Sucre,ACTIVO
C00614,2026-09-06,INDEPENDIENTE,Actividad independiente,Servicios,Comerciante,85,2742.44,INDEPENDIENTE,La Paz,ACTIVO
C00615,2026-03-01,DEPENDIENTE,Empresa 108,Comercio,Director,35,13585.54,PLAZO_FIJO,Santa Cruz,ACTIVO
C00616,2026-04-29,DEPENDIENTE,Empresa 480,Banca,Vendedor,82,14678.74,PLAZO_FIJO,Cochabamba,ACTIVO
C00617,2026-01-19,INDEPENDIENTE,Actividad independiente,Servicios,Consultor,17,5831.29,INDEPENDIENTE,Sucre,ACTIVO
C00618,2026-09-07,EMPRESARIO,Empresa PYME 224,Educacion,Propietario,212,14539.44,PROPIETARIO,Sucre,ACTIVO
C00619,2026-01-25,DEPENDIENTE,Empresa 889,Servicios,Director,11,5587.29,TEMPORAL,Oruro,INACTIVO
C00620,2026-07-06,DEPENDIENTE,Empresa 744,Banca,Gerente,82,17011.34,TEMPORAL,Oruro,ACTIVO
C00621,2026-08-16,DEPENDIENTE,Empresa 469,Banca,Asistente,126,12397.06,PLAZO_FIJO,Potosi,ACTIVO
C00622,2026-01-04,JUBILADO,Sistema de Pensiones,Construccion,Jubilado,165,5152.3,JUBILACION,Potosi,ACTIVO
C00623,2026-06-26,DEPENDIENTE,Empresa 902,Transporte,Consultor,5,17516.94,INDEFINIDO,Oruro,ACTIVO
C00624,2026-06-08,DEPENDIENTE,Empresa 802,Tecnologia,Supervisor,66,4944.33,INDEFINIDO,Potosi,ACTIVO
C00625,2026-02-02,DEPENDIENTE,Empresa 209,Transporte,Especialista,42,13370.59,TEMPORAL,Santa Cruz,ACTIVO
C00626,2026-02-19,DEPENDIENTE,Empresa 850,Banca,Vendedor,196,7883.42,TEMPORAL,Oruro,ACTIVO
C00627,2026-04-23,INDEPENDIENTE,Actividad independiente,Servicios,Profesional independiente,233,2993.61,INDEPENDIENTE,Cochabamba,ACTIVO
C00628,2026-04-30,DEPENDIENTE,Empresa 849,Salud,Ingeniero,50,10926.12,TEMPORAL,Potosi,ACTIVO
C00629,2026-07-29,EMPRESARIO,Empresa PYME 402,Salud,Director,20,18278.44,PROPIETARIO,Tarija,ACTIVO
C00630,2026-06-08,DEPENDIENTE,Empresa 119,Tecnologia,Gerente,132,8375.18,TEMPORAL,Potosi,ACTIVO
C00631,2026-05-15,DEPENDIENTE,Empresa 294,Transporte,Administrador,171,17491.03,INDEFINIDO,Potosi,ACTIVO
C00632,2026-05-14,DEPENDIENTE,Empresa 198,Comercio,Supervisor,107,12434.01,PLAZO_FIJO,La Paz,ACTIVO
C00633,2026-01-09,DEPENDIENTE,Empresa 201,Agricultura,Asistente,54,4159.36,INDEFINIDO,Oruro,ACTIVO
C00634,2026-07-03,INDEPENDIENTE,Actividad independiente,Comercio,Profesional independiente,15,7079.43,INDEPENDIENTE,La Paz,ACTIVO
C00635,2026-07-25,DEPENDIENTE,Empresa 579,Banca,Supervisor,240,16291.39,PLAZO_FIJO,Cochabamba,ACTIVO
C00636,2026-07-01,JUBILADO,Sistema de Pensiones,Banca,Jubilado,213,4709.67,JUBILACION,Potosi,ACTIVO
C00637,2026-09-03,DEPENDIENTE,Empresa 321,Servicios,Supervisor,21,15434.08,TEMPORAL,La Paz,ACTIVO
C00638,2026-05-26,DEPENDIENTE,Empresa 354,Construccion,Comerciante,51,5493.35,PLAZO_FIJO,Tarija,ACTIVO
C00639,2026-04-28,DEPENDIENTE,Empresa 790,Industria,Ingeniero,199,12398.68,INDEFINIDO,La Paz,ACTIVO
C00640,2026-06-03,DEPENDIENTE,Empresa 646,Transporte,Gerente,132,7731.45,PLAZO_FIJO,Cochabamba,ACTIVO
C00641,2026-04-21,DEPENDIENTE,Empresa 748,Tecnologia,Especialista,219,8261.65,PLAZO_FIJO,Tarija,ACTIVO
C00642,2026-04-03,DEPENDIENTE,Empresa 360,Transporte,Director,199,11028.7,PLAZO_FIJO,Sucre,INACTIVO
C00643,2026-08-16,DEPENDIENTE,Empresa 238,Salud,Tecnico,75,11734.32,INDEFINIDO,La Paz,ACTIVO
C00644,2026-03-12,DEPENDIENTE,Empresa 942,Servicios,Director,8,14458.61,PLAZO_FIJO,Tarija,ACTIVO
C00645,2026-04-02,JUBILADO,Sistema de Pensiones,Construccion,Jubilado,27,2456.61,JUBILACION,Santa Cruz,ACTIVO
C00646,2026-05-27,EMPRESARIO,Empresa PYME 194,Industria,Director,62,11406.1,PROPIETARIO,Tarija,ACTIVO
C00647,2026-07-31,INDEPENDIENTE,Actividad independiente,Agricultura,Consultor,205,8531.66,INDEPENDIENTE,Potosi,ACTIVO
C00648,2026-01-21,DEPENDIENTE,Empresa 490,Banca,Consultor,12,13827.24,PLAZO_FIJO,Potosi,ACTIVO
C00649,2026-07-17,EMPRESARIO,Empresa PYME 990,Educacion,Propietario,109,28256.15,PROPIETARIO,Oruro,ACTIVO
C00650,2026-03-20,DEPENDIENTE,Empresa 155,Servicios,Administrador,165,14549.99,INDEFINIDO,La Paz,ACTIVO
C00651,2026-06-22,DEPENDIENTE,Empresa 151,Industria,Gerente,131,13315.41,PLAZO_FIJO,Sucre,ACTIVO
C00652,2026-02-07,DEPENDIENTE,Empresa 503,Construccion,Especialista,59,9195.0,INDEFINIDO,Cochabamba,ACTIVO
C00653,2026-05-09,DEPENDIENTE,Empresa 508,Industria,Supervisor,143,8687.47,INDEFINIDO,Potosi,ACTIVO
C00654,2026-06-16,INDEPENDIENTE,Actividad independiente,Agricultura,Consultor,146,4976.36,INDEPENDIENTE,Santa Cruz,ACTIVO
C00655,2026-07-18,JUBILADO,Sistema de Pensiones,Industria,Jubilado,65,2687.18,JUBILACION,Cochabamba,ACTIVO
C00656,2026-02-18,DEPENDIENTE,Empresa 456,Tecnologia,Ingeniero,174,8910.52,INDEFINIDO,Cochabamba,ACTIVO
C00657,2026-07-25,DEPENDIENTE,Empresa 941,Transporte,Consultor,46,17808.6,PLAZO_FIJO,Tarija,ACTIVO
C00658,2026-07-06,DEPENDIENTE,Empresa 875,Comercio,Gerente,54,13123.07,INDEFINIDO,La Paz,ACTIVO
C00659,2026-03-29,DEPENDIENTE,Empresa 114,Comercio,Contador,240,4788.99,TEMPORAL,Cochabamba,ACTIVO
C00660,2026-05-14,DEPENDIENTE,Empresa 659,Salud,Asistente,192,10839.08,INDEFINIDO,Tarija,ACTIVO
C00661,2026-04-07,INDEPENDIENTE,Actividad independiente,Agricultura,Comerciante,180,11234.44,INDEPENDIENTE,Oruro,ACTIVO
C00662,2026-03-11,DEPENDIENTE,Empresa 732,Banca,Director,75,5610.79,INDEFINIDO,Sucre,ACTIVO
C00663,2026-08-10,DEPENDIENTE,Empresa 468,Comercio,Comerciante,172,6705.31,PLAZO_FIJO,La Paz,ACTIVO
C00664,2026-01-26,EMPRESARIO,Empresa PYME 826,Tecnologia,Gerente,62,29494.82,PROPIETARIO,Sucre,ACTIVO
C00665,2026-08-26,DEPENDIENTE,Empresa 674,Banca,Vendedor,53,10260.09,INDEFINIDO,La Paz,ACTIVO
C00666,2026-03-30,DEPENDIENTE,Empresa 118,Tecnologia,Gerente,128,8597.7,PLAZO_FIJO,Cochabamba,ACTIVO
C00667,2026-08-13,DEPENDIENTE,Empresa 363,Industria,Comerciante,73,15084.34,TEMPORAL,Potosi,INACTIVO
C00668,2026-08-18,JUBILADO,Sistema de Pensiones,Industria,Jubilado,60,3231.62,JUBILACION,Oruro,ACTIVO
C00669,2026-04-20,INDEPENDIENTE,Actividad independiente,Salud,Comerciante,109,5504.51,INDEPENDIENTE,Tarija,ACTIVO
C00670,2026-07-24,DEPENDIENTE,Empresa 800,Educacion,Tecnico,170,4647.94,INDEFINIDO,Potosi,ACTIVO
C00671,2026-06-17,INDEPENDIENTE,Actividad independiente,Agricultura,Comerciante,113,14946.07,INDEPENDIENTE,Santa Cruz,ACTIVO
C00672,2026-01-08,DEPENDIENTE,Empresa 844,Tecnologia,Gerente,33,5354.1,TEMPORAL,Sucre,INACTIVO
C00673,2026-02-08,DEPENDIENTE,Empresa 380,Educacion,Director,213,16359.02,TEMPORAL,La Paz,ACTIVO
C00674,2026-03-01,DEPENDIENTE,Empresa 727,Agricultura,Consultor,160,6636.37,TEMPORAL,Santa Cruz,ACTIVO
C00675,2026-08-05,DEPENDIENTE,Empresa 614,Agricultura,Gerente,179,14587.31,INDEFINIDO,Sucre,ACTIVO
C00676,2026-02-27,DEPENDIENTE,Empresa 297,Banca,Gerente,128,9844.63,PLAZO_FIJO,Sucre,ACTIVO
C00677,2026-07-13,DEPENDIENTE,Empresa 307,Educacion,Comerciante,108,5949.59,PLAZO_FIJO,La Paz,ACTIVO
C00678,2026-06-26,JUBILADO,Sistema de Pensiones,Tecnologia,Jubilado,224,6396.0,JUBILACION,Potosi,ACTIVO
C00679,2026-04-08,DEPENDIENTE,Empresa 944,Tecnologia,Director,201,3148.31,PLAZO_FIJO,Sucre,ACTIVO
C00680,2026-07-31,INDEPENDIENTE,Actividad independiente,Banca,Consultor,136,3866.45,INDEPENDIENTE,Santa Cruz,ACTIVO
C00681,2026-06-11,DEPENDIENTE,Empresa 883,Banca,Tecnico,13,11144.36,TEMPORAL,Santa Cruz,ACTIVO
C00682,2026-04-19,DEPENDIENTE,Empresa 270,Salud,Vendedor,201,15328.13,PLAZO_FIJO,Tarija,ACTIVO
C00683,2026-01-24,INDEPENDIENTE,Actividad independiente,Servicios,Consultor,121,12873.67,INDEPENDIENTE,La Paz,ACTIVO
C00684,2026-04-26,DEPENDIENTE,Empresa 431,Banca,Administrador,142,4597.25,TEMPORAL,Santa Cruz,ACTIVO
C00685,2026-06-27,EMPRESARIO,Empresa PYME 431,Construccion,Director,228,16367.08,PROPIETARIO,Oruro,ACTIVO
C00686,2026-07-01,DEPENDIENTE,Empresa 636,Industria,Supervisor,118,12328.12,TEMPORAL,Oruro,ACTIVO
C00687,2026-02-13,DEPENDIENTE,Empresa 886,Tecnologia,Analista,99,11030.36,INDEFINIDO,Tarija,ACTIVO
C00688,2026-04-18,EMPRESARIO,Empresa PYME 152,Salud,Gerente,225,8615.18,PROPIETARIO,Cochabamba,ACTIVO
C00689,2026-08-19,JUBILADO,Sistema de Pensiones,Construccion,Jubilado,163,3428.73,JUBILACION,Santa Cruz,ACTIVO
C00690,2026-05-20,INDEPENDIENTE,Actividad independiente,Banca,Consultor,120,8720.35,INDEPENDIENTE,Tarija,ACTIVO
C00691,2026-01-21,DEPENDIENTE,Empresa 552,Agricultura,Administrador,171,9873.54,TEMPORAL,Tarija,ACTIVO
C00692,2026-02-17,EMPRESARIO,Empresa PYME 150,Construccion,Propietario,161,20715.89,PROPIETARIO,La Paz,ACTIVO
C00693,2026-03-26,DEPENDIENTE,Empresa 405,Comercio,Consultor,173,11460.44,INDEFINIDO,La Paz,ACTIVO
C00694,2026-06-19,JUBILADO,Sistema de Pensiones,Agricultura,Jubilado,175,4133.79,JUBILACION,Tarija,ACTIVO
C00695,2026-07-16,DEPENDIENTE,Empresa 195,Salud,Analista,194,11473.98,PLAZO_FIJO,Cochabamba,ACTIVO
C00696,2026-03-16,DEPENDIENTE,Empresa 166,Transporte,Tecnico,197,9123.52,INDEFINIDO,Santa Cruz,ACTIVO
C00697,2026-02-23,EMPRESARIO,Empresa PYME 812,Agricultura,Propietario,137,15343.95,PROPIETARIO,La Paz,ACTIVO
C00698,2026-08-28,INDEPENDIENTE,Actividad independiente,Salud,Profesional independiente,126,11550.93,INDEPENDIENTE,Sucre,ACTIVO
C00699,2026-06-07,DEPENDIENTE,Empresa 232,Agricultura,Ingeniero,150,17922.88,TEMPORAL,Sucre,ACTIVO
C00700,2026-03-01,INDEPENDIENTE,Actividad independiente,Salud,Profesional independiente,209,4748.84,INDEPENDIENTE,Santa Cruz,ACTIVO
C00701,2026-06-07,DEPENDIENTE,Empresa 918,Industria,Asistente,206,4327.85,TEMPORAL,Sucre,ACTIVO
C00702,2026-03-14,DEPENDIENTE,Empresa 806,Salud,Asistente,57,2675.11,TEMPORAL,Potosi,ACTIVO
C00703,2026-03-27,DEPENDIENTE,Empresa 802,Tecnologia,Supervisor,85,14389.01,TEMPORAL,Sucre,ACTIVO
C00704,2026-03-28,DEPENDIENTE,Empresa 953,Transporte,Ingeniero,216,5222.25,INDEFINIDO,Sucre,ACTIVO
C00705,2026-08-18,INDEPENDIENTE,Actividad independiente,Tecnologia,Profesional independiente,42,10340.01,INDEPENDIENTE,Sucre,ACTIVO
C00706,2026-07-05,DEPENDIENTE,Empresa 678,Tecnologia,Contador,17,15444.14,TEMPORAL,Tarija,ACTIVO
C00707,2026-01-17,DEPENDIENTE,Empresa 462,Construccion,Especialista,87,14892.8,TEMPORAL,Cochabamba,ACTIVO
C00708,2026-06-05,DEPENDIENTE,Empresa 684,Industria,Gerente,163,10781.23,PLAZO_FIJO,Santa Cruz,ACTIVO
C00709,2026-03-11,EMPRESARIO,Empresa PYME 132,Industria,Gerente,183,26445.49,PROPIETARIO,La Paz,ACTIVO
C00710,2026-03-19,DEPENDIENTE,Empresa 637,Construccion,Asistente,215,17236.26,PLAZO_FIJO,La Paz,ACTIVO
C00711,2026-07-24,DEPENDIENTE,Empresa 125,Transporte,Tecnico,236,3935.36,INDEFINIDO,Tarija,ACTIVO
C00712,2026-03-25,DEPENDIENTE,Empresa 894,Construccion,Contador,190,16045.13,PLAZO_FIJO,Potosi,ACTIVO
C00713,2026-07-02,EMPRESARIO,Empresa PYME 496,Servicios,Director,55,23114.27,PROPIETARIO,La Paz,ACTIVO
C00714,2026-01-12,JUBILADO,Sistema de Pensiones,Comercio,Jubilado,88,5374.76,JUBILACION,Tarija,ACTIVO
C00715,2026-08-17,INDEPENDIENTE,Actividad independiente,Educacion,Profesional independiente,150,11981.17,INDEPENDIENTE,Cochabamba,ACTIVO
C00716,2026-03-11,DEPENDIENTE,Empresa 220,Construccion,Comerciante,84,14478.2,TEMPORAL,Santa Cruz,ACTIVO
C00717,2026-03-31,DEPENDIENTE,Empresa 655,Servicios,Asistente,146,10467.94,TEMPORAL,Cochabamba,ACTIVO
C00718,2026-01-19,JUBILADO,Sistema de Pensiones,Salud,Jubilado,149,3864.81,JUBILACION,Tarija,ACTIVO
C00719,2026-01-28,DEPENDIENTE,Empresa 151,Industria,Comerciante,36,2949.39,INDEFINIDO,La Paz,ACTIVO
C00720,2026-06-26,DEPENDIENTE,Empresa 956,Transporte,Comerciante,155,16314.78,TEMPORAL,Tarija,ACTIVO
C00721,2026-01-21,DEPENDIENTE,Empresa 646,Transporte,Especialista,185,14255.24,INDEFINIDO,Tarija,ACTIVO
C00722,2026-06-14,INDEPENDIENTE,Actividad independiente,Transporte,Profesional independiente,27,8194.8,INDEPENDIENTE,Sucre,ACTIVO
C00723,2026-06-29,DEPENDIENTE,Empresa 287,Tecnologia,Administrador,69,16649.35,TEMPORAL,Potosi,ACTIVO
C00724,2026-05-03,DEPENDIENTE,Empresa 459,Transporte,Supervisor,10,3513.16,PLAZO_FIJO,Potosi,ACTIVO
C00725,2026-07-23,INDEPENDIENTE,Actividad independiente,Comercio,Profesional independiente,133,3786.65,INDEPENDIENTE,Cochabamba,ACTIVO
C00726,2026-03-03,DEPENDIENTE,Empresa 523,Agricultura,Consultor,139,9645.11,PLAZO_FIJO,Santa Cruz,ACTIVO
C00727,2026-07-28,JUBILADO,Sistema de Pensiones,Agricultura,Jubilado,19,4516.86,JUBILACION,Sucre,ACTIVO
C00728,2026-06-21,DEPENDIENTE,Empresa 778,Comercio,Gerente,142,13259.06,PLAZO_FIJO,Oruro,ACTIVO
C00729,2026-05-23,DEPENDIENTE,Empresa 433,Comercio,Vendedor,32,11678.53,PLAZO_FIJO,Potosi,ACTIVO
C00730,2026-06-02,DEPENDIENTE,Empresa 933,Industria,Comerciante,20,11773.02,PLAZO_FIJO,Cochabamba,ACTIVO
C00731,2026-08-20,INDEPENDIENTE,Actividad independiente,Banca,Profesional independiente,58,12712.92,INDEPENDIENTE,Potosi,ACTIVO
C00732,2026-02-20,DEPENDIENTE,Empresa 557,Educacion,Consultor,77,8544.73,TEMPORAL,Oruro,ACTIVO
C00733,2026-08-23,DEPENDIENTE,Empresa 835,Tecnologia,Administrador,80,16736.78,TEMPORAL,La Paz,ACTIVO
C00734,2026-04-05,DEPENDIENTE,Empresa 163,Servicios,Contador,106,15638.37,TEMPORAL,La Paz,ACTIVO
C00735,2026-04-21,DEPENDIENTE,Empresa 340,Agricultura,Analista,31,15849.34,PLAZO_FIJO,Sucre,ACTIVO
C00736,2026-06-19,INDEPENDIENTE,Actividad independiente,Construccion,Comerciante,100,7939.88,INDEPENDIENTE,Sucre,ACTIVO
C00737,2026-06-21,DEPENDIENTE,Empresa 993,Construccion,Contador,218,8967.15,PLAZO_FIJO,Santa Cruz,ACTIVO
C00738,2026-04-22,INDEPENDIENTE,Actividad independiente,Construccion,Profesional independiente,187,13561.11,INDEPENDIENTE,La Paz,ACTIVO
C00739,2026-08-27,INDEPENDIENTE,Actividad independiente,Industria,Profesional independiente,231,12361.61,INDEPENDIENTE,Tarija,ACTIVO
C00740,2026-02-17,DEPENDIENTE,Empresa 331,Industria,Ingeniero,212,9475.71,TEMPORAL,Tarija,ACTIVO
C00741,2026-08-26,DEPENDIENTE,Empresa 520,Servicios,Contador,63,13538.01,TEMPORAL,Tarija,ACTIVO
C00742,2026-05-29,JUBILADO,Sistema de Pensiones,Transporte,Jubilado,183,4706.33,JUBILACION,Oruro,ACTIVO
C00743,2026-08-16,INDEPENDIENTE,Actividad independiente,Agricultura,Profesional independiente,122,8961.87,INDEPENDIENTE,La Paz,ACTIVO
C00744,2026-03-21,INDEPENDIENTE,Actividad independiente,Agricultura,Profesional independiente,178,10421.1,INDEPENDIENTE,La Paz,ACTIVO
C00745,2026-07-07,DEPENDIENTE,Empresa 687,Tecnologia,Vendedor,123,9537.54,INDEFINIDO,Sucre,ACTIVO
C00746,2026-06-27,JUBILADO,Sistema de Pensiones,Agricultura,Jubilado,77,3339.06,JUBILACION,Oruro,ACTIVO
C00747,2026-02-13,INDEPENDIENTE,Actividad independiente,Agricultura,Profesional independiente,18,10366.25,INDEPENDIENTE,La Paz,ACTIVO
C00748,2026-02-02,DEPENDIENTE,Empresa 184,Servicios,Vendedor,162,2923.12,TEMPORAL,La Paz,ACTIVO
C00749,2026-07-09,DEPENDIENTE,Empresa 114,Comercio,Contador,160,6855.06,INDEFINIDO,Tarija,ACTIVO
C00750,2026-03-08,DEPENDIENTE,Empresa 279,Educacion,Especialista,171,9423.12,INDEFINIDO,Sucre,ACTIVO
C00751,2026-08-28,DEPENDIENTE,Empresa 709,Construccion,Gerente,90,17753.11,INDEFINIDO,Potosi,ACTIVO
C00752,2026-07-05,JUBILADO,Sistema de Pensiones,Construccion,Jubilado,63,6692.54,JUBILACION,Santa Cruz,ACTIVO
C00753,2026-02-12,EMPRESARIO,Empresa PYME 153,Transporte,Propietario,167,11609.89,PROPIETARIO,Sucre,ACTIVO
C00754,2026-05-02,DEPENDIENTE,Empresa 499,Salud,Director,62,8386.91,TEMPORAL,Santa Cruz,ACTIVO
C00755,2026-03-22,DEPENDIENTE,Empresa 794,Servicios,Administrador,240,14858.29,PLAZO_FIJO,Oruro,INACTIVO
C00756,2026-08-24,DEPENDIENTE,Empresa 725,Salud,Administrador,166,7984.34,TEMPORAL,Cochabamba,ACTIVO
C00757,2026-07-17,INDEPENDIENTE,Actividad independiente,Educacion,Consultor,170,9802.21,INDEPENDIENTE,Oruro,ACTIVO
C00758,2026-03-22,INDEPENDIENTE,Actividad independiente,Servicios,Comerciante,176,11128.48,INDEPENDIENTE,La Paz,ACTIVO
C00759,2026-04-25,EMPRESARIO,Empresa PYME 801,Tecnologia,Propietario,108,7442.47,PROPIETARIO,Santa Cruz,ACTIVO
C00760,2026-06-18,DEPENDIENTE,Empresa 708,Educacion,Analista,9,12100.66,INDEFINIDO,Tarija,ACTIVO
C00761,2026-04-07,INDEPENDIENTE,Actividad independiente,Agricultura,Comerciante,25,13205.51,INDEPENDIENTE,Potosi,INACTIVO
C00762,2026-06-13,EMPRESARIO,Empresa PYME 177,Transporte,Gerente,67,12364.22,PROPIETARIO,Cochabamba,ACTIVO
C00763,2026-03-12,INDEPENDIENTE,Actividad independiente,Banca,Comerciante,68,4524.58,INDEPENDIENTE,Sucre,ACTIVO
C00764,2026-04-23,JUBILADO,Sistema de Pensiones,Comercio,Jubilado,211,3999.72,JUBILACION,Sucre,INACTIVO
C00765,2026-05-19,DEPENDIENTE,Empresa 247,Industria,Supervisor,48,12504.99,PLAZO_FIJO,Santa Cruz,ACTIVO
C00766,2026-01-19,DEPENDIENTE,Empresa 174,Agricultura,Analista,186,6514.44,PLAZO_FIJO,Oruro,ACTIVO
C00767,2026-06-20,DEPENDIENTE,Empresa 138,Industria,Analista,41,12619.41,PLAZO_FIJO,Cochabamba,ACTIVO
C00768,2026-05-06,DEPENDIENTE,Empresa 889,Transporte,Director,150,2557.41,PLAZO_FIJO,Sucre,ACTIVO
C00769,2026-09-02,INDEPENDIENTE,Actividad independiente,Transporte,Consultor,141,5323.09,INDEPENDIENTE,La Paz,ACTIVO
C00770,2026-04-13,JUBILADO,Sistema de Pensiones,Banca,Jubilado,88,6836.48,JUBILACION,Oruro,INACTIVO
C00771,2026-01-21,INDEPENDIENTE,Actividad independiente,Transporte,Consultor,139,13166.78,INDEPENDIENTE,Potosi,ACTIVO
C00772,2026-06-19,INDEPENDIENTE,Actividad independiente,Educacion,Consultor,144,2991.64,INDEPENDIENTE,Cochabamba,ACTIVO
C00773,2026-07-08,EMPRESARIO,Empresa PYME 548,Educacion,Gerente,127,7121.56,PROPIETARIO,Santa Cruz,ACTIVO
C00774,2026-05-19,DEPENDIENTE,Empresa 911,Salud,Supervisor,64,10083.1,TEMPORAL,Sucre,ACTIVO
C00775,2026-07-21,EMPRESARIO,Empresa PYME 445,Banca,Propietario,7,5926.07,PROPIETARIO,Sucre,ACTIVO
C00776,2026-02-08,INDEPENDIENTE,Actividad independiente,Agricultura,Profesional independiente,176,13377.5,INDEPENDIENTE,Santa Cruz,ACTIVO
C00777,2026-01-12,DEPENDIENTE,Empresa 733,Educacion,Vendedor,128,12634.39,INDEFINIDO,Oruro,ACTIVO
C00778,2026-04-27,DEPENDIENTE,Empresa 199,Agricultura,Especialista,15,16522.27,TEMPORAL,Santa Cruz,ACTIVO
C00779,2026-02-26,DEPENDIENTE,Empresa 730,Comercio,Especialista,32,10205.72,INDEFINIDO,Potosi,ACTIVO
C00780,2026-05-28,DEPENDIENTE,Empresa 800,Servicios,Supervisor,176,8731.13,TEMPORAL,Santa Cruz,ACTIVO
C00781,2026-02-14,JUBILADO,Sistema de Pensiones,Tecnologia,Jubilado,198,2509.99,JUBILACION,La Paz,ACTIVO
C00782,2026-04-23,DEPENDIENTE,Empresa 268,Educacion,Tecnico,46,13292.58,PLAZO_FIJO,Tarija,ACTIVO
C00783,2026-08-14,DEPENDIENTE,Empresa 116,Transporte,Gerente,159,8330.03,TEMPORAL,La Paz,ACTIVO
C00784,2026-06-27,DEPENDIENTE,Empresa 526,Transporte,Contador,183,12602.21,INDEFINIDO,Oruro,ACTIVO
C00785,2026-06-06,DEPENDIENTE,Empresa 278,Banca,Asistente,136,9481.5,PLAZO_FIJO,Tarija,ACTIVO
C00786,2026-04-18,DEPENDIENTE,Empresa 456,Banca,Contador,163,15310.5,INDEFINIDO,Tarija,ACTIVO
C00787,2026-05-10,DEPENDIENTE,Empresa 652,Educacion,Especialista,27,12093.27,TEMPORAL,Sucre,ACTIVO
C00788,2026-06-25,INDEPENDIENTE,Actividad independiente,Transporte,Comerciante,16,4921.49,INDEPENDIENTE,Sucre,ACTIVO
C00789,2026-02-23,INDEPENDIENTE,Actividad independiente,Industria,Consultor,16,10560.76,INDEPENDIENTE,Cochabamba,ACTIVO
C00790,2026-08-25,INDEPENDIENTE,Actividad independiente,Servicios,Comerciante,14,3805.26,INDEPENDIENTE,Santa Cruz,ACTIVO
C00791,2026-04-24,DEPENDIENTE,Empresa 838,Agricultura,Asistente,32,3598.32,TEMPORAL,Tarija,ACTIVO
C00792,2026-03-25,DEPENDIENTE,Empresa 212,Educacion,Especialista,232,7548.12,TEMPORAL,La Paz,ACTIVO
C00793,2026-05-30,DEPENDIENTE,Empresa 582,Transporte,Supervisor,99,16316.16,INDEFINIDO,La Paz,ACTIVO
C00794,2026-04-28,DEPENDIENTE,Empresa 239,Educacion,Ingeniero,119,5259.94,TEMPORAL,Oruro,ACTIVO
C00795,2026-03-13,DEPENDIENTE,Empresa 161,Construccion,Consultor,35,2997.47,PLAZO_FIJO,La Paz,ACTIVO
C00796,2026-02-10,DEPENDIENTE,Empresa 718,Agricultura,Contador,197,7825.43,INDEFINIDO,Santa Cruz,ACTIVO
C00797,2026-08-09,DEPENDIENTE,Empresa 600,Educacion,Tecnico,25,8881.29,INDEFINIDO,Tarija,ACTIVO
C00798,2026-03-25,DEPENDIENTE,Empresa 353,Industria,Asistente,189,9135.71,INDEFINIDO,Tarija,ACTIVO
C00799,2026-01-02,JUBILADO,Sistema de Pensiones,Industria,Jubilado,236,6101.17,JUBILACION,La Paz,ACTIVO
C00800,2026-07-27,DEPENDIENTE,Empresa 590,Comercio,Administrador,11,9098.31,TEMPORAL,Sucre,ACTIVO
C00801,2026-04-02,DEPENDIENTE,Empresa 235,Salud,Asistente,180,13842.69,INDEFINIDO,Santa Cruz,ACTIVO
C00802,2026-08-08,DEPENDIENTE,Empresa 570,Agricultura,Director,174,7224.97,PLAZO_FIJO,Oruro,ACTIVO
C00803,2026-06-30,JUBILADO,Sistema de Pensiones,Industria,Jubilado,200,3142.64,JUBILACION,Santa Cruz,ACTIVO
C00804,2026-04-09,DEPENDIENTE,Empresa 172,Tecnologia,Comerciante,183,12317.74,PLAZO_FIJO,Tarija,ACTIVO
C00805,2026-07-23,DEPENDIENTE,Empresa 689,Educacion,Tecnico,181,17164.48,PLAZO_FIJO,Potosi,ACTIVO
C00806,2026-08-31,INDEPENDIENTE,Actividad independiente,Tecnologia,Profesional independiente,191,14153.04,INDEPENDIENTE,La Paz,ACTIVO
C00807,2026-05-24,DEPENDIENTE,Empresa 763,Comercio,Gerente,13,8166.35,TEMPORAL,Tarija,ACTIVO
C00808,2026-07-08,DEPENDIENTE,Empresa 589,Agricultura,Comerciante,64,10864.32,PLAZO_FIJO,Potosi,INACTIVO
C00809,2026-05-09,DEPENDIENTE,Empresa 373,Industria,Ingeniero,197,5994.28,TEMPORAL,Cochabamba,ACTIVO
C00810,2026-07-01,DEPENDIENTE,Empresa 581,Servicios,Supervisor,127,10272.48,PLAZO_FIJO,Oruro,ACTIVO
C00811,2026-07-27,EMPRESARIO,Empresa PYME 809,Comercio,Gerente,161,14203.65,PROPIETARIO,Santa Cruz,ACTIVO
C00812,2026-01-28,DEPENDIENTE,Empresa 178,Construccion,Contador,103,16418.16,INDEFINIDO,Cochabamba,ACTIVO
C00813,2026-03-17,DEPENDIENTE,Empresa 123,Industria,Comerciante,226,5665.97,INDEFINIDO,Oruro,ACTIVO
C00814,2026-03-16,DEPENDIENTE,Empresa 121,Educacion,Comerciante,110,9379.83,PLAZO_FIJO,La Paz,ACTIVO
C00815,2026-06-15,INDEPENDIENTE,Actividad independiente,Tecnologia,Profesional independiente,108,9733.81,INDEPENDIENTE,Sucre,ACTIVO
C00816,2026-08-18,INDEPENDIENTE,Actividad independiente,Salud,Comerciante,120,6301.03,INDEPENDIENTE,Santa Cruz,ACTIVO
C00817,2026-04-01,DEPENDIENTE,Empresa 251,Salud,Analista,76,14431.12,PLAZO_FIJO,Sucre,INACTIVO
C00818,2026-08-03,DEPENDIENTE,Empresa 279,Construccion,Gerente,185,10797.41,INDEFINIDO,Santa Cruz,ACTIVO
C00819,2026-02-17,DEPENDIENTE,Empresa 478,Educacion,Contador,150,4460.34,PLAZO_FIJO,Tarija,ACTIVO
C00820,2026-09-07,INDEPENDIENTE,Actividad independiente,Construccion,Profesional independiente,40,7161.44,INDEPENDIENTE,Tarija,ACTIVO
C00821,2026-08-31,JUBILADO,Sistema de Pensiones,Transporte,Jubilado,130,7425.92,JUBILACION,Cochabamba,ACTIVO
C00822,2026-05-02,JUBILADO,Sistema de Pensiones,Salud,Jubilado,168,6997.07,JUBILACION,Potosi,INACTIVO
C00823,2026-06-26,DEPENDIENTE,Empresa 446,Comercio,Vendedor,207,11261.09,INDEFINIDO,Oruro,ACTIVO
C00824,2026-06-08,DEPENDIENTE,Empresa 511,Educacion,Analista,144,4311.58,TEMPORAL,Sucre,ACTIVO
C00825,2026-07-20,DEPENDIENTE,Empresa 327,Salud,Tecnico,167,5524.82,TEMPORAL,Santa Cruz,ACTIVO
C00826,2026-04-11,DEPENDIENTE,Empresa 624,Educacion,Supervisor,176,12909.15,PLAZO_FIJO,Sucre,ACTIVO
C00827,2026-07-03,DEPENDIENTE,Empresa 251,Industria,Administrador,235,12834.88,INDEFINIDO,Cochabamba,ACTIVO
C00828,2026-05-24,DEPENDIENTE,Empresa 995,Comercio,Vendedor,92,7275.32,PLAZO_FIJO,Santa Cruz,ACTIVO
C00829,2026-07-06,DEPENDIENTE,Empresa 925,Industria,Gerente,208,9358.82,PLAZO_FIJO,Oruro,ACTIVO
C00830,2026-05-02,DEPENDIENTE,Empresa 410,Servicios,Asistente,156,3834.21,TEMPORAL,Cochabamba,ACTIVO
C00831,2026-06-13,JUBILADO,Sistema de Pensiones,Salud,Jubilado,25,2245.01,JUBILACION,Sucre,ACTIVO
C00832,2026-08-02,DEPENDIENTE,Empresa 290,Industria,Asistente,196,16680.52,TEMPORAL,Cochabamba,ACTIVO
C00833,2026-07-09,DEPENDIENTE,Empresa 672,Transporte,Vendedor,216,11570.73,PLAZO_FIJO,Santa Cruz,ACTIVO
C00834,2026-02-01,DEPENDIENTE,Empresa 583,Salud,Comerciante,79,17318.41,PLAZO_FIJO,Sucre,ACTIVO
C00835,2026-09-06,EMPRESARIO,Empresa PYME 604,Comercio,Director,10,7983.87,PROPIETARIO,Tarija,ACTIVO
C00836,2026-05-02,DEPENDIENTE,Empresa 802,Comercio,Comerciante,114,15959.36,TEMPORAL,Cochabamba,ACTIVO
C00837,2026-04-29,DEPENDIENTE,Empresa 427,Construccion,Gerente,44,11515.64,PLAZO_FIJO,Cochabamba,ACTIVO
C00838,2026-03-16,DEPENDIENTE,Empresa 149,Salud,Ingeniero,165,16637.62,PLAZO_FIJO,Tarija,ACTIVO
C00839,2026-06-03,DEPENDIENTE,Empresa 196,Construccion,Especialista,199,12234.46,INDEFINIDO,Tarija,ACTIVO
C00840,2026-06-26,DEPENDIENTE,Empresa 814,Tecnologia,Comerciante,207,7166.62,TEMPORAL,La Paz,ACTIVO
C00841,2026-07-19,DEPENDIENTE,Empresa 481,Transporte,Contador,6,4622.72,INDEFINIDO,Sucre,ACTIVO
C00842,2026-02-18,EMPRESARIO,Empresa PYME 951,Servicios,Propietario,58,8863.87,PROPIETARIO,Tarija,ACTIVO
C00843,2026-01-20,JUBILADO,Sistema de Pensiones,Comercio,Jubilado,109,5331.34,JUBILACION,Potosi,ACTIVO
C00844,2026-04-24,DEPENDIENTE,Empresa 936,Agricultura,Gerente,82,13211.29,PLAZO_FIJO,Tarija,ACTIVO
C00845,2026-02-02,DEPENDIENTE,Empresa 327,Construccion,Supervisor,80,2945.77,TEMPORAL,Oruro,ACTIVO
C00846,2026-01-29,DEPENDIENTE,Empresa 902,Comercio,Especialista,23,9084.48,INDEFINIDO,La Paz,ACTIVO
C00847,2026-05-12,INDEPENDIENTE,Actividad independiente,Agricultura,Profesional independiente,53,3847.72,INDEPENDIENTE,La Paz,ACTIVO
C00848,2026-01-25,EMPRESARIO,Empresa PYME 872,Comercio,Propietario,19,12541.15,PROPIETARIO,Tarija,ACTIVO
C00849,2026-08-05,EMPRESARIO,Empresa PYME 249,Salud,Propietario,174,13788.34,PROPIETARIO,Tarija,ACTIVO
C00850,2026-05-26,DEPENDIENTE,Empresa 617,Comercio,Asistente,202,13792.59,TEMPORAL,La Paz,ACTIVO
C00851,2026-02-13,INDEPENDIENTE,Actividad independiente,Servicios,Consultor,186,4894.34,INDEPENDIENTE,La Paz,INACTIVO
C00852,2026-04-04,DEPENDIENTE,Empresa 586,Agricultura,Director,238,10315.03,INDEFINIDO,Santa Cruz,ACTIVO
C00853,2026-04-08,JUBILADO,Sistema de Pensiones,Industria,Jubilado,216,4612.79,JUBILACION,Santa Cruz,ACTIVO
C00854,2026-05-07,DEPENDIENTE,Empresa 239,Tecnologia,Tecnico,34,9721.48,PLAZO_FIJO,Oruro,ACTIVO
C00855,2026-03-14,INDEPENDIENTE,Actividad independiente,Transporte,Consultor,86,8671.41,INDEPENDIENTE,Tarija,ACTIVO
C00856,2026-08-07,INDEPENDIENTE,Actividad independiente,Industria,Consultor,60,9423.95,INDEPENDIENTE,Santa Cruz,ACTIVO
C00857,2026-05-06,EMPRESARIO,Empresa PYME 790,Comercio,Propietario,176,14186.03,PROPIETARIO,Sucre,ACTIVO
C00858,2026-06-27,INDEPENDIENTE,Actividad independiente,Agricultura,Consultor,33,4292.09,INDEPENDIENTE,La Paz,ACTIVO
C00859,2026-02-21,EMPRESARIO,Empresa PYME 446,Agricultura,Propietario,19,14092.75,PROPIETARIO,Potosi,INACTIVO
C00860,2026-07-16,DEPENDIENTE,Empresa 830,Agricultura,Especialista,188,10236.21,PLAZO_FIJO,Tarija,ACTIVO
C00861,2026-09-01,INDEPENDIENTE,Actividad independiente,Industria,Profesional independiente,94,8447.83,INDEPENDIENTE,Sucre,ACTIVO
C00862,2026-03-01,DEPENDIENTE,Empresa 609,Construccion,Vendedor,30,4393.95,PLAZO_FIJO,La Paz,ACTIVO
C00863,2026-06-04,DEPENDIENTE,Empresa 491,Tecnologia,Gerente,130,13010.67,INDEFINIDO,Santa Cruz,ACTIVO
C00864,2026-07-22,INDEPENDIENTE,Actividad independiente,Transporte,Consultor,172,11895.12,INDEPENDIENTE,Santa Cruz,ACTIVO
C00865,2026-05-19,DEPENDIENTE,Empresa 980,Servicios,Especialista,69,10907.79,TEMPORAL,La Paz,INACTIVO
C00866,2026-03-22,DEPENDIENTE,Empresa 560,Industria,Administrador,228,16681.56,PLAZO_FIJO,Sucre,ACTIVO
C00867,2026-02-12,DEPENDIENTE,Empresa 823,Transporte,Contador,171,15835.59,TEMPORAL,Sucre,ACTIVO
C00868,2026-05-06,INDEPENDIENTE,Actividad independiente,Servicios,Profesional independiente,198,3867.27,INDEPENDIENTE,Oruro,ACTIVO
C00869,2026-03-09,DEPENDIENTE,Empresa 500,Transporte,Analista,221,4922.82,TEMPORAL,Tarija,INACTIVO
C00870,2026-01-08,DEPENDIENTE,Empresa 162,Agricultura,Ingeniero,199,17655.64,PLAZO_FIJO,La Paz,ACTIVO
C00871,2026-04-08,DEPENDIENTE,Empresa 449,Comercio,Comerciante,152,2916.95,TEMPORAL,Sucre,ACTIVO
C00872,2026-06-15,DEPENDIENTE,Empresa 340,Salud,Asistente,17,12749.22,PLAZO_FIJO,Tarija,ACTIVO
C00873,2026-05-18,INDEPENDIENTE,Actividad independiente,Tecnologia,Comerciante,32,6719.93,INDEPENDIENTE,La Paz,ACTIVO
C00874,2026-01-06,EMPRESARIO,Empresa PYME 702,Tecnologia,Director,71,5510.06,PROPIETARIO,Sucre,ACTIVO
C00875,2026-02-22,DEPENDIENTE,Empresa 791,Tecnologia,Director,209,10069.56,INDEFINIDO,Sucre,ACTIVO
C00876,2026-09-06,INDEPENDIENTE,Actividad independiente,Industria,Consultor,45,10185.35,INDEPENDIENTE,Santa Cruz,ACTIVO
C00877,2026-03-09,EMPRESARIO,Empresa PYME 394,Banca,Propietario,218,26258.36,PROPIETARIO,Cochabamba,INACTIVO
C00878,2026-08-05,DEPENDIENTE,Empresa 834,Agricultura,Supervisor,162,14014.76,INDEFINIDO,La Paz,ACTIVO
C00879,2026-03-30,DEPENDIENTE,Empresa 314,Comercio,Administrador,208,10731.49,TEMPORAL,Oruro,ACTIVO
C00880,2026-04-17,DEPENDIENTE,Empresa 304,Industria,Ingeniero,113,12783.58,PLAZO_FIJO,Cochabamba,ACTIVO
C00881,2026-05-13,DEPENDIENTE,Empresa 820,Construccion,Comerciante,49,16153.9,TEMPORAL,Tarija,ACTIVO
C00882,2026-07-27,INDEPENDIENTE,Actividad independiente,Agricultura,Profesional independiente,71,14214.54,INDEPENDIENTE,Potosi,ACTIVO
C00883,2026-04-04,DEPENDIENTE,Empresa 305,Transporte,Tecnico,189,12214.76,TEMPORAL,Santa Cruz,ACTIVO
C00884,2026-08-09,INDEPENDIENTE,Actividad independiente,Comercio,Consultor,219,7942.36,INDEPENDIENTE,Oruro,ACTIVO
C00885,2026-03-02,DEPENDIENTE,Empresa 715,Industria,Comerciante,168,4989.06,PLAZO_FIJO,Santa Cruz,ACTIVO
C00886,2026-05-24,DEPENDIENTE,Empresa 597,Industria,Vendedor,207,15322.05,INDEFINIDO,Sucre,ACTIVO
C00887,2026-07-25,DEPENDIENTE,Empresa 908,Salud,Contador,72,4614.67,INDEFINIDO,Oruro,ACTIVO
C00888,2026-01-15,INDEPENDIENTE,Actividad independiente,Comercio,Comerciante,187,8573.02,INDEPENDIENTE,Cochabamba,ACTIVO
C00889,2026-04-12,EMPRESARIO,Empresa PYME 192,Construccion,Gerente,232,14085.86,PROPIETARIO,Santa Cruz,ACTIVO
C00890,2026-09-01,INDEPENDIENTE,Actividad independiente,Servicios,Profesional independiente,136,10802.71,INDEPENDIENTE,Cochabamba,ACTIVO
C00891,2026-08-02,DEPENDIENTE,Empresa 437,Agricultura,Ingeniero,34,14484.46,TEMPORAL,Oruro,ACTIVO
C00892,2026-02-14,INDEPENDIENTE,Actividad independiente,Educacion,Comerciante,111,5225.1,INDEPENDIENTE,Cochabamba,ACTIVO
C00893,2026-08-31,DEPENDIENTE,Empresa 816,Comercio,Ingeniero,17,10100.56,TEMPORAL,Cochabamba,ACTIVO
C00894,2026-05-02,DEPENDIENTE,Empresa 471,Tecnologia,Gerente,74,16131.22,INDEFINIDO,Potosi,ACTIVO
C00895,2026-06-26,INDEPENDIENTE,Actividad independiente,Educacion,Comerciante,218,11743.12,INDEPENDIENTE,Cochabamba,ACTIVO
C00896,2026-05-17,DEPENDIENTE,Empresa 224,Educacion,Comerciante,95,16498.94,TEMPORAL,Potosi,ACTIVO
C00897,2026-01-24,DEPENDIENTE,Empresa 408,Educacion,Contador,240,17658.89,PLAZO_FIJO,Cochabamba,ACTIVO
C00898,2026-07-22,EMPRESARIO,Empresa PYME 516,Banca,Gerente,164,12929.61,PROPIETARIO,Cochabamba,ACTIVO
C00899,2026-04-19,EMPRESARIO,Empresa PYME 834,Comercio,Director,123,23423.55,PROPIETARIO,Potosi,ACTIVO
C00900,2026-05-21,DEPENDIENTE,Empresa 932,Tecnologia,Director,93,9023.49,INDEFINIDO,Sucre,ACTIVO
C00901,2026-02-04,INDEPENDIENTE,Actividad independiente,Banca,Profesional independiente,164,8042.56,INDEPENDIENTE,Sucre,ACTIVO
C00902,2026-07-02,DEPENDIENTE,Empresa 628,Construccion,Asistente,24,4217.84,TEMPORAL,Potosi,ACTIVO
C00903,2026-03-08,DEPENDIENTE,Empresa 236,Construccion,Director,118,9914.66,PLAZO_FIJO,Oruro,ACTIVO
C00904,2026-04-11,DEPENDIENTE,Empresa 286,Industria,Ingeniero,53,3808.18,PLAZO_FIJO,Potosi,ACTIVO
C00905,2026-02-28,DEPENDIENTE,Empresa 741,Comercio,Consultor,239,11157.21,INDEFINIDO,Sucre,ACTIVO
C00906,2026-06-03,INDEPENDIENTE,Actividad independiente,Salud,Consultor,15,7512.94,INDEPENDIENTE,Santa Cruz,ACTIVO
C00907,2026-07-17,DEPENDIENTE,Empresa 545,Transporte,Tecnico,33,2718.78,TEMPORAL,Potosi,ACTIVO
C00908,2026-03-15,DEPENDIENTE,Empresa 372,Transporte,Especialista,55,5453.43,TEMPORAL,Sucre,ACTIVO
C00909,2026-04-18,EMPRESARIO,Empresa PYME 293,Construccion,Gerente,213,12074.18,PROPIETARIO,Sucre,ACTIVO
C00910,2026-05-30,DEPENDIENTE,Empresa 478,Transporte,Asistente,63,12074.04,PLAZO_FIJO,La Paz,ACTIVO
C00911,2026-04-09,DEPENDIENTE,Empresa 830,Industria,Asistente,180,8662.1,PLAZO_FIJO,Oruro,ACTIVO
C00912,2026-08-21,DEPENDIENTE,Empresa 582,Tecnologia,Asistente,18,3307.75,TEMPORAL,Tarija,ACTIVO
C00913,2026-06-08,JUBILADO,Sistema de Pensiones,Industria,Jubilado,4,3924.87,JUBILACION,Cochabamba,INACTIVO
C00914,2026-02-15,INDEPENDIENTE,Actividad independiente,Salud,Profesional independiente,231,9494.5,INDEPENDIENTE,Santa Cruz,ACTIVO
C00915,2026-07-01,JUBILADO,Sistema de Pensiones,Servicios,Jubilado,36,2809.61,JUBILACION,Sucre,ACTIVO
C00916,2026-04-03,DEPENDIENTE,Empresa 865,Industria,Contador,35,10237.76,INDEFINIDO,Cochabamba,ACTIVO
C00917,2026-07-08,DEPENDIENTE,Empresa 423,Transporte,Gerente,135,7351.66,PLAZO_FIJO,Potosi,INACTIVO
C00918,2026-02-08,DEPENDIENTE,Empresa 293,Banca,Analista,165,14872.41,TEMPORAL,Santa Cruz,ACTIVO
C00919,2026-01-11,DEPENDIENTE,Empresa 606,Transporte,Supervisor,183,9740.56,INDEFINIDO,Cochabamba,INACTIVO
C00920,2026-02-07,DEPENDIENTE,Empresa 987,Comercio,Director,129,4243.61,PLAZO_FIJO,Cochabamba,ACTIVO
C00921,2026-03-11,EMPRESARIO,Empresa PYME 942,Agricultura,Gerente,216,9207.38,PROPIETARIO,Oruro,ACTIVO
C00922,2026-08-24,DEPENDIENTE,Empresa 526,Comercio,Gerente,137,14386.14,INDEFINIDO,Santa Cruz,ACTIVO
C00923,2026-02-01,INDEPENDIENTE,Actividad independiente,Industria,Profesional independiente,9,6053.52,INDEPENDIENTE,Cochabamba,ACTIVO
C00924,2026-04-28,JUBILADO,Sistema de Pensiones,Transporte,Jubilado,42,2396.35,JUBILACION,Sucre,ACTIVO
C00925,2026-06-09,DEPENDIENTE,Empresa 771,Transporte,Analista,4,7606.12,TEMPORAL,Cochabamba,INACTIVO
C00926,2026-07-25,JUBILADO,Sistema de Pensiones,Salud,Jubilado,57,8070.3,JUBILACION,Cochabamba,ACTIVO
C00927,2026-03-03,INDEPENDIENTE,Actividad independiente,Industria,Comerciante,26,7485.73,INDEPENDIENTE,La Paz,ACTIVO
C00928,2026-09-02,DEPENDIENTE,Empresa 870,Construccion,Comerciante,202,8737.14,PLAZO_FIJO,La Paz,ACTIVO
C00929,2026-04-02,INDEPENDIENTE,Actividad independiente,Comercio,Comerciante,234,11062.02,INDEPENDIENTE,Potosi,ACTIVO
C00930,2026-06-03,DEPENDIENTE,Empresa 676,Industria,Contador,229,8515.39,PLAZO_FIJO,La Paz,ACTIVO
C00931,2026-01-11,INDEPENDIENTE,Actividad independiente,Servicios,Comerciante,114,10383.58,INDEPENDIENTE,Cochabamba,INACTIVO
C00932,2026-05-15,INDEPENDIENTE,Actividad independiente,Comercio,Profesional independiente,129,9090.98,INDEPENDIENTE,Cochabamba,ACTIVO
C00933,2026-08-20,DEPENDIENTE,Empresa 800,Salud,Gerente,79,4803.4,PLAZO_FIJO,Potosi,ACTIVO
C00934,2026-01-28,DEPENDIENTE,Empresa 625,Servicios,Analista,15,11040.41,TEMPORAL,Sucre,ACTIVO
C00935,2026-05-30,DEPENDIENTE,Empresa 360,Comercio,Ingeniero,148,15098.78,TEMPORAL,Potosi,ACTIVO
C00936,2026-04-11,DEPENDIENTE,Empresa 963,Banca,Gerente,121,5283.06,TEMPORAL,La Paz,ACTIVO
C00937,2026-04-26,INDEPENDIENTE,Actividad independiente,Agricultura,Profesional independiente,153,11551.18,INDEPENDIENTE,Potosi,ACTIVO
C00938,2026-07-11,JUBILADO,Sistema de Pensiones,Agricultura,Jubilado,57,3458.59,JUBILACION,Cochabamba,ACTIVO
C00939,2026-02-13,DEPENDIENTE,Empresa 113,Transporte,Supervisor,7,2590.63,TEMPORAL,Sucre,ACTIVO
C00940,2026-06-26,EMPRESARIO,Empresa PYME 469,Industria,Gerente,80,20462.48,PROPIETARIO,Potosi,ACTIVO
C00941,2026-09-06,DEPENDIENTE,Empresa 812,Educacion,Analista,51,4234.64,INDEFINIDO,Potosi,ACTIVO
C00942,2026-07-22,DEPENDIENTE,Empresa 978,Servicios,Comerciante,169,6247.59,INDEFINIDO,Santa Cruz,ACTIVO
C00943,2026-02-12,INDEPENDIENTE,Actividad independiente,Construccion,Comerciante,124,7773.49,INDEPENDIENTE,Oruro,ACTIVO
C00944,2026-05-30,JUBILADO,Sistema de Pensiones,Educacion,Jubilado,8,8046.62,JUBILACION,Santa Cruz,ACTIVO
C00945,2026-08-05,EMPRESARIO,Empresa PYME 745,Industria,Propietario,16,13346.25,PROPIETARIO,Sucre,ACTIVO
C00946,2026-05-12,INDEPENDIENTE,Actividad independiente,Agricultura,Consultor,12,8593.71,INDEPENDIENTE,Oruro,ACTIVO
C00947,2026-01-05,INDEPENDIENTE,Actividad independiente,Industria,Profesional independiente,62,11428.63,INDEPENDIENTE,Tarija,ACTIVO
C00948,2026-06-09,DEPENDIENTE,Empresa 606,Tecnologia,Supervisor,109,16281.68,TEMPORAL,Sucre,ACTIVO
C00949,2026-03-01,DEPENDIENTE,Empresa 548,Servicios,Ingeniero,188,5479.12,PLAZO_FIJO,Santa Cruz,ACTIVO
C00950,2026-07-02,INDEPENDIENTE,Actividad independiente,Industria,Profesional independiente,36,13539.67,INDEPENDIENTE,Sucre,ACTIVO
C00951,2026-06-09,INDEPENDIENTE,Actividad independiente,Educacion,Comerciante,206,8404.06,INDEPENDIENTE,Cochabamba,ACTIVO
C00952,2026-05-06,DEPENDIENTE,Empresa 720,Comercio,Gerente,36,5186.01,PLAZO_FIJO,Potosi,ACTIVO
C00953,2026-01-13,JUBILADO,Sistema de Pensiones,Banca,Jubilado,63,3624.14,JUBILACION,Cochabamba,ACTIVO
C00954,2026-07-26,DEPENDIENTE,Empresa 132,Comercio,Tecnico,47,15333.2,INDEFINIDO,Cochabamba,ACTIVO
C00955,2026-07-20,DEPENDIENTE,Empresa 448,Tecnologia,Contador,146,5973.48,INDEFINIDO,Potosi,ACTIVO
C00956,2026-05-12,EMPRESARIO,Empresa PYME 994,Agricultura,Gerente,232,8779.46,PROPIETARIO,Oruro,ACTIVO
C00957,2026-09-07,DEPENDIENTE,Empresa 213,Comercio,Especialista,207,9585.6,PLAZO_FIJO,Potosi,ACTIVO
C00958,2026-01-27,INDEPENDIENTE,Actividad independiente,Construccion,Profesional independiente,213,9530.91,INDEPENDIENTE,Oruro,ACTIVO
C00959,2026-07-15,DEPENDIENTE,Empresa 552,Servicios,Director,43,13789.41,PLAZO_FIJO,Sucre,ACTIVO
C00960,2026-08-06,DEPENDIENTE,Empresa 225,Educacion,Gerente,96,7686.42,TEMPORAL,Sucre,INACTIVO
C00961,2026-03-29,INDEPENDIENTE,Actividad independiente,Salud,Consultor,65,12935.17,INDEPENDIENTE,Tarija,ACTIVO
C00962,2026-03-04,DEPENDIENTE,Empresa 780,Construccion,Comerciante,196,8932.63,TEMPORAL,Potosi,ACTIVO
C00963,2026-08-18,DEPENDIENTE,Empresa 519,Transporte,Administrador,38,14927.41,INDEFINIDO,Potosi,ACTIVO
C00964,2026-07-03,INDEPENDIENTE,Actividad independiente,Servicios,Comerciante,116,4319.8,INDEPENDIENTE,La Paz,ACTIVO
C00965,2026-06-19,DEPENDIENTE,Empresa 137,Construccion,Especialista,114,3452.76,INDEFINIDO,Tarija,ACTIVO
C00966,2026-06-29,INDEPENDIENTE,Actividad independiente,Servicios,Profesional independiente,110,7525.04,INDEPENDIENTE,Potosi,ACTIVO
C00967,2026-06-06,INDEPENDIENTE,Actividad independiente,Construccion,Profesional independiente,5,12837.54,INDEPENDIENTE,Oruro,ACTIVO
C00968,2026-04-14,INDEPENDIENTE,Actividad independiente,Educacion,Profesional independiente,181,6815.63,INDEPENDIENTE,Cochabamba,ACTIVO
C00969,2026-05-19,DEPENDIENTE,Empresa 632,Salud,Gerente,188,13642.65,PLAZO_FIJO,Santa Cruz,ACTIVO
C00970,2026-01-08,DEPENDIENTE,Empresa 123,Servicios,Gerente,90,14234.22,TEMPORAL,Tarija,ACTIVO
C00971,2026-07-07,EMPRESARIO,Empresa PYME 213,Banca,Gerente,188,15568.65,PROPIETARIO,Potosi,ACTIVO
C00972,2026-08-29,INDEPENDIENTE,Actividad independiente,Comercio,Profesional independiente,34,3096.66,INDEPENDIENTE,Sucre,ACTIVO
C00973,2026-05-29,INDEPENDIENTE,Actividad independiente,Agricultura,Profesional independiente,89,14786.88,INDEPENDIENTE,Oruro,ACTIVO
C00974,2026-07-20,INDEPENDIENTE,Actividad independiente,Agricultura,Profesional independiente,92,6240.02,INDEPENDIENTE,Oruro,ACTIVO
C00975,2026-02-19,DEPENDIENTE,Empresa 696,Tecnologia,Tecnico,66,4131.02,TEMPORAL,Sucre,ACTIVO
C00976,2026-08-16,INDEPENDIENTE,Actividad independiente,Construccion,Consultor,23,3653.11,INDEPENDIENTE,Sucre,ACTIVO
C00977,2026-07-19,DEPENDIENTE,Empresa 631,Industria,Tecnico,137,8742.68,TEMPORAL,Potosi,ACTIVO
C00978,2026-09-07,DEPENDIENTE,Empresa 849,Industria,Vendedor,115,13179.78,PLAZO_FIJO,Potosi,ACTIVO
C00979,2026-08-09,DEPENDIENTE,Empresa 625,Servicios,Director,185,9594.55,PLAZO_FIJO,La Paz,ACTIVO
C00980,2026-08-24,DEPENDIENTE,Empresa 478,Comercio,Tecnico,194,4931.02,INDEFINIDO,Tarija,ACTIVO
C00981,2026-01-31,DEPENDIENTE,Empresa 256,Tecnologia,Tecnico,149,6988.65,PLAZO_FIJO,Cochabamba,INACTIVO
C00982,2026-05-31,DEPENDIENTE,Empresa 902,Industria,Gerente,10,14763.66,PLAZO_FIJO,La Paz,ACTIVO
C00983,2026-01-01,DEPENDIENTE,Empresa 600,Comercio,Director,58,5337.7,PLAZO_FIJO,Tarija,ACTIVO
C00984,2026-08-19,EMPRESARIO,Empresa PYME 563,Tecnologia,Gerente,126,19326.48,PROPIETARIO,Potosi,ACTIVO
C00985,2026-07-14,EMPRESARIO,Empresa PYME 571,Transporte,Gerente,198,8463.06,PROPIETARIO,Oruro,ACTIVO
C00986,2026-04-15,EMPRESARIO,Empresa PYME 738,Industria,Gerente,25,24995.29,PROPIETARIO,Santa Cruz,ACTIVO
C00987,2026-06-15,DEPENDIENTE,Empresa 384,Comercio,Director,174,16295.67,INDEFINIDO,Potosi,ACTIVO
C00988,2026-06-15,DEPENDIENTE,Empresa 674,Comercio,Contador,206,14459.72,TEMPORAL,Oruro,ACTIVO
C00989,2026-05-14,DEPENDIENTE,Empresa 683,Educacion,Analista,141,11441.26,TEMPORAL,Potosi,ACTIVO
C00990,2026-03-12,EMPRESARIO,Empresa PYME 119,Educacion,Propietario,171,28404.55,PROPIETARIO,Santa Cruz,ACTIVO
C00991,2026-04-13,EMPRESARIO,Empresa PYME 428,Agricultura,Gerente,24,25173.03,PROPIETARIO,La Paz,ACTIVO
C00992,2026-01-07,JUBILADO,Sistema de Pensiones,Servicios,Jubilado,114,3427.45,JUBILACION,Cochabamba,ACTIVO
C00993,2026-03-07,DEPENDIENTE,Empresa 287,Comercio,Gerente,141,5106.42,INDEFINIDO,Santa Cruz,ACTIVO
C00994,2026-01-07,DEPENDIENTE,Empresa 285,Banca,Ingeniero,18,12024.37,INDEFINIDO,Cochabamba,ACTIVO
C00995,2026-08-19,DEPENDIENTE,Empresa 947,Comercio,Administrador,231,7525.38,PLAZO_FIJO,La Paz,ACTIVO
C00996,2026-04-09,INDEPENDIENTE,Actividad independiente,Comercio,Profesional independiente,129,8857.77,INDEPENDIENTE,Cochabamba,ACTIVO
C00997,2026-03-01,DEPENDIENTE,Empresa 748,Banca,Administrador,19,10004.66,PLAZO_FIJO,Cochabamba,ACTIVO
C00998,2026-02-02,DEPENDIENTE,Empresa 904,Salud,Comerciante,66,14326.16,INDEFINIDO,Tarija,ACTIVO
C00999,2026-05-19,DEPENDIENTE,Empresa 482,Construccion,Gerente,131,5653.58,TEMPORAL,Potosi,ACTIVO
C01000,2026-04-29,JUBILADO,Sistema de Pensiones,Agricultura,Jubilado,13,2206.81,JUBILACION,Cochabamba,ACTIVO
